Description,Price Was,Price,Percent Off,Rating,Review Count,URL
"Telescope for Kids Beginners Adults, 70mm Astronomy Refractor Telescope with Adjustable Tripod, Portable Telescope Gift for Kids",,$94.99,0%,3.8 out of 5 stars,3.8,https://www.amazon.ca/Telescope-Astronomy-Beginners-Refractor-Starter/dp/B07ZZ2TXKX/ref=sr_1_5?keywords=telescope&qid=1671541514&sr=8-5
"Telescope, Astronomy Telescope for Adults, 400mm AZ Mount 16X-200X Telescope, 70mm HD Refractor Astronomical Telescope with Adjustable Tripod, Backpack, Phone Adapter…",,$124.99,0%,3.7 out of 5 stars,3.7,https://www.amazon.ca/Telescope-Astronomy-Refractor-Astronomical-Adjustable/dp/B09CTQVWGD/ref=sr_1_6?keywords=telescope&qid=1671541514&sr=8-6
"OYS Telescope, Telescopes for Adults, 70mm Aperture 400mm AZ Mount, Telescope for Kids Beginners, Fully Multi-Coated Optics, Astronomy Refractor Telescope with Tripod, Phone Adapter, Backpack",,$129.99,0%,4.1 out of 5 stars,4.1,https://www.amazon.ca/OYS-Telescope-Telescopes-Beginners-Multi-Coated/dp/B088KRWG5K/ref=sr_1_7?keywords=telescope&qid=1671541514&sr=8-7
"Telescope for Kids and Beginners, BNISE 150X Astronomy 70mm Larger Aperture 300mm Refractor Telescopes with Phone Adapter, Wire Shutter, Moon Filter and Carry Bag",,$94.99,0%,3.9 out of 5 stars,3.9,https://www.amazon.ca/BNISE-Telescope-Beginners-Astronomy-Telescopes/dp/B08HMZ336J/ref=sr_1_8?keywords=telescope&qid=1671541514&sr=8-8
"Celestron - PowerSeeker 50AZ Telescope - Manual Alt-Azimuth Telescope for Beginners - Compact and Portable - BONUS Astronomy Software Package - 50mm Aperture,21039",,$81.22,0%,3.9 out of 5 stars,3.9,https://www.amazon.ca/Celestron-PowerSeeker-50-Refractor-Telescope/dp/B0000UMLYI/ref=sr_1_9?keywords=telescope&qid=1671541514&sr=8-9
"Telescope 80mm Large Aperture for Beginners, Kids and Adults, 3 Rotatable Eyepieces Refractor Astronomy Telescope 400mm/80mm Good Partner to View Moon Landscape and Planet, with Tripod, Phone Adapter",$219.99,$205.99,-6.36%,4.0 out of 5 stars,4.0,https://www.amazon.ca/Telescope-Beginners-Rotatable-Eyepieces-Refractor/dp/B08TBCLRPS/ref=sr_1_10?keywords=telescope&qid=1671541514&sr=8-10
"Telescope for Adults & Kids - NACATIN 70mm Aperture (15X-150X) Portable Refractor Telescopes for Astronomy Beginners, 300mm Professional Travel Telescope with A Smartphone Adapter& A Wireless Remote",,$89.99,0%,3.9 out of 5 stars,3.9,https://www.amazon.ca/Telescope-Adults-Kids-Telescopes-Professional/dp/B0B7BGMP78/ref=sr_1_11?keywords=telescope&qid=1671541514&sr=8-11
"Upgraded Telescope HD 400/70mm Telescope for Kids Adults Refractor Astronomy Telescope - Watching The Moon, Bird Watching, Viewing The Natural Scenery, Watching The Wild Animals",$124.59,$105.90,-15.0%,4.0 out of 5 stars,4.0,https://www.amazon.ca/Upgraded-Telescope-Adults-Refractor-Astronomy/dp/B07X9L6JYS/ref=sr_1_12?keywords=telescope&qid=1671541514&sr=8-12
Travel Scope 70 DX Portable Telescope with Smartphone Adapter,,$149.99,0%,3.9 out of 5 stars,3.9,https://www.amazon.ca/Celestron-Portable-Telescope-Smartphone-Blutooth/dp/B07VY3CDG7/ref=sr_1_13?keywords=telescope&qid=1671541514&sr=8-13
"Telescope for Adults Astronomy, Telescopes for Adults Kids, Portable Professional Reflector Télescope with Three Eyepieces Phone Adapter Backpack",$149.99,$119.99,-20.0%,4.2 out of 5 stars,4.2,https://www.amazon.ca/Astronomical-Telescope-Astronomy-Reflector-Telescopes/dp/B09CYTHR9Z/ref=sr_1_14?keywords=telescope&qid=1671541514&sr=8-14
"Telescopes for Adults, 70mm Aperture 400mm AZ Mount, Telescope for Kids Beginners, Fully Multi-Coated Optics, Astronomy Refractor Telescope Portable Telescope with Tripod, Phone Adapter, Backpack",,$129.99,0%,4.2 out of 5 stars,4.2,https://www.amazon.ca/Telescopes-Telescope-Beginners-Multi-Coated-Astronomy/dp/B08HV6BPM5/ref=sr_1_15?keywords=telescope&qid=1671541514&sr=8-15
"Telescopes for Adults, 70mm Aperture and 700mm Focal Length Professional Astronomy Refractor Telescope for Kids and Beginners - with EQ Mount, 2 Plossl Eyepieces and Smartphone Adapter…",,$299.99,0%,4.4 out of 5 stars,4.4,https://www.amazon.ca/Telescopes-Professional-Astronomy-Refractor-Telescope/dp/B088GVB2S5/ref=sr_1_16?keywords=telescope&qid=1671541514&sr=8-16
"USCAMEL Telescope for Adults Astronomy,60mm Aperture 500mm AZ Mount Professional Refractor Telescope, Fully Multi-Coated Optics,Portable Telescope for Kids Beginners with Backpack Tripod Phone Adapter",,$139.99,0%,4.0 out of 5 stars,4.0,https://www.amazon.ca/Telescopes-Astronomy-Professional-Refractor-Multi-Coated/dp/B08XX7RTWB/ref=sr_1_17?keywords=telescope&qid=1671541514&sr=8-17
"MAXLAPTER Telescopes for Astronomy, Refractor Telescope with Tripod, Smartphone Adapter, Two Eyepieces, Carrying Case, Portable Scope for Kids Adults Beginners for Stargazing Birds Watching",$87.98,$79.99,-9.08%,3.9 out of 5 stars,3.9,https://www.amazon.ca/MAXLAPTER-Telescopes-Astronomy-Smartphone-Stargazing/dp/B07P818282/ref=sr_1_18?keywords=telescope&qid=1671541514&sr=8-18
"[2022 Newest] Telescopes for Adults Astronomy, 70mm Aperture 700mm AZ Mount Astronomical Refracting HD Telescope for Kids Beginners Telescope with Adjustable Tripod, Nylon Bag, Phone Adapter",,$239.99,0%,3.9 out of 5 stars,3.9,https://www.amazon.ca/Telescopes-Astronomy-Astronomical-Refracting-Adjustable/dp/B09Y86SN3V/ref=sr_1_19?keywords=telescope&qid=1671541514&sr=8-19
Celestron - 70mm Travel Scope - Portable Refractor Telescope - Fully-Coated Glass Optics - Ideal Telescope for Beginners - BONUS Astronomy Software Package,,$135.09,0%,4.1 out of 5 stars,4.1,https://www.amazon.ca/Celestron-21035-70mm-Travel-Scope/dp/B001TI9Y2M/ref=sr_1_20?keywords=telescope&qid=1671541514&sr=8-20
"Telescope 130EQ Newtonian Reflector Telescopes for Adults, Professional Telescopes for Adults Astronomy, Comes with 1.5X Barlow Lens Smartphone Adapter & 13% T Moon Filter",,$499.99,0%,4.3 out of 5 stars,4.3,https://www.amazon.ca/Telescope-Reflector-Cellphone-Percent-Transmission/dp/B087CRF6CT/ref=sr_1_25?keywords=telescope&qid=1671541514&sr=8-25
CELESTRON - PowerSeeker 80EQ Telescope - Manual German Equatorial Telescope for Beginners - Compact and Portable - BONUS Astronomy Software Package - 80mm Aperture,,$253.94,0%,4.2 out of 5 stars,4.2,https://www.amazon.ca/Celestron-21048-PowerSeeker-80EQ-Telescope/dp/B0007UQNKO/ref=sr_1_26?keywords=telescope&qid=1671541514&sr=8-26
"Refractor Telescope, 70mm Aperture Telescope with Double Eyepieces, Finderscope, Carrying Bag, Phone Adapter, Wire Control, Moon Filter. Refractor Telescope for Kids and Adults Astronomy",,$95.99,0%,3.5 out of 5 stars,3.5,https://www.amazon.ca/Refractor-Telescope-Eyepieces-Finderscope-Astronomy/dp/B09JB8GZ2L/ref=sr_1_27?keywords=telescope&qid=1671541514&sr=8-27
30X60 Monocular Telescope with Smartphone Holder Tripod Waterproof Compact HD Binoculars Scope for Adults Bird Watching Travelling Hunting Hiking Concert,,$69.99,0%,4.9 out of 5 stars,4.9,https://www.amazon.ca/Monocular-Smartphone-Waterproof-Binoculars-Travelling/dp/B0BDZDTXZ3/ref=sr_1_28?keywords=telescope&qid=1671541514&sr=8-28
"BNISE Telescope for Kids Adults Astronomy Beginners Refractor Telescope 70mm Objective Lens, 400mm Focal Length, with Adjustable Tripod Smartphone Adapter Finder Scope Moon Filter and Carry Bag",,$79.99,0%,3.8 out of 5 stars,3.8,https://www.amazon.ca/BNISE-Telescope-Astronomy-Adjustable-Smartphone/dp/B07V1HN14F/ref=sr_1_29?keywords=telescope&qid=1671541514&sr=8-29
"BNISE 70mm Astronomy Telescope for Kids Adults Beginners, 16~67X Powerful Refractor Telescope with Carry Bag, Portable for Moon Watching, Stargazing and Travel",,$94.99,0%,3.9 out of 5 stars,3.9,https://www.amazon.ca/Refractive-Professional-Astronomical-Telescope-Magnification/dp/B07YBBWGR3/ref=sr_1_30?keywords=telescope&qid=1671541514&sr=8-30
"Telescopes for Astronomy Beginners Adults, 200X Refractor Telescope for Astronomy, 400/70mm Portable Telescopes for Kids with Tripod, Phone Adapter, Backpack - Watching Moon, Bird Watching, Scenery",,$129.99,0%,4.0 out of 5 stars,4.0,https://www.amazon.ca/Telescopes-Astronomy-Beginners-Refractor-Telescope/dp/B08TLM88JW/ref=sr_1_31?keywords=telescope&qid=1671541514&sr=8-31
"Telescope, Astronomy Telescope for Adults, 60mm Aperture 700mm Focal Length, 525X Refractor Astronomical Telescope with Adjustable Tripod",$109.99,$89.99,-18.18%,No reviews,0,https://www.amazon.ca/Telescope-Astronomy-Refractor-Astronomical-Adjustable/dp/B09TF3BPBN/ref=sr_1_32?keywords=telescope&qid=1671541514&sr=8-32
"FREE SOLDIER Telescope for Kids&Astronomy Beginners - 15X-150X High Magnification Astronomical Refractor Telescope Portable Travel Telescope for Adults Great Astronomy Gift for Kids, White",,$89.99,0%,3.8 out of 5 stars,3.8,https://www.amazon.ca/FREE-SOLDIER-Telescope-Astronomy-Beginners/dp/B08KGG7TM3/ref=sr_1_33?keywords=telescope&qid=1671541514&sr=8-33
"12x56 HD Monocular Telescope with Smartphone Adapter, Upgraded Tripod, Hand Strap - High Power Monocular with Clear Low Light Vision for Star Watching - Lightweight Monocular for Bird Watching Hunting",,$148.66,0%,4.3 out of 5 stars,4.3,https://www.amazon.ca/Monocular-Telescope-Smartphone-Adapter-Upgraded/dp/B0922D4XZV/ref=sr_1_34?keywords=telescope&qid=1671541514&sr=8-34
"200X Telescope for Kids Adults Astronomy, Pro 400/70 FMC Glass Optical Refractor Telescopes, with Adjustable Tripod Phone Adapter Moon Filters Barlow Lens Carrying Bag",,$129.90,0%,4.0 out of 5 stars,4.0,https://www.amazon.ca/Telescope-Astronomy-Refractor-Telescopes-Adjustable/dp/B07WVGRJPT/ref=sr_1_36?keywords=telescope&qid=1671541514&sr=8-36
"BEBANG Telescope for Kids Adults- 3 Rotatable Eyepieces 70mm Aperture 400mm Refractor Telescopes for Astronomy Beginners, Portable Travel Telescopes with Adjustable Tripod, Phone Adapter…",,$139.99,0%,4.1 out of 5 stars,4.1,https://www.amazon.ca/BEBANG-Telescope-Rotatable-Telescopes-Adjustable/dp/B094YCTWTY/ref=sr_1_37?keywords=telescope&qid=1671541514&sr=8-37
"Telescope for Adults Kids Beginners, 3 Rotatable Eyepieces 80mm Aperture HD Refractor Telescope for Astronomy, 16~44X High Magnification, with Phone Photo Adapter, Carry Bag",,$199.99,0%,3.9 out of 5 stars,3.9,https://www.amazon.ca/Telescope-Beginners-Astronomical-Refracting-Magnification/dp/B08T176NZD/ref=sr_1_38?keywords=telescope&qid=1671541514&sr=8-38
"Refractor Telescope for Beginner and Adult, 70mm Aperture, Double Eyepieces, 150X Magnification with Finder Scope, Carrying Bag, Phone Adapter, Wire Control, Moon Filter",$84.00,$79.99,-4.77%,2.9 out of 5 stars,2.9,https://www.amazon.ca/Refractor-Telescope-Beginner-Eyepieces-Magnification/dp/B09GY8FGLG/ref=sr_1_39?keywords=telescope&qid=1671541514&sr=8-39
Celestron 21061 AstroMaster 70AZ Refractor Telescope,,$376.62,0%,4.3 out of 5 stars,4.3,https://www.amazon.ca/Celestron-21061-AstroMaster-Refractor-Telescope/dp/B000MLHMAS/ref=sr_1_40?keywords=telescope&qid=1671541514&sr=8-40
"Gskyer Telescope, 80mm AZ Space Astronomical Refractor Telescope, German Technology Scope",$375.19,$355.10,-5.35%,4.4 out of 5 stars,4.4,https://www.amazon.ca/Gskyer-Telescope-Astronomical-Refractor-Technology/dp/B00XQLV11M/ref=sr_1_41?keywords=telescope&qid=1671541514&sr=8-41
"Upgraded Telescope for Adults Astronomy Kids Beginners,400mm AZ Mount 70mm Aperture, with 3 Rotatable Eyepieces,Refractor Telescope with Adjustable Tripod, Fully Multi-Coated Optics and Portable Bag",,$129.99,0%,3.9 out of 5 stars,3.9,https://www.amazon.ca/Telescope-Astronomy-Beginners-Adjustable-Multi-Coated/dp/B09LHLW7NH/ref=sr_1_42?keywords=telescope&qid=1671541514&sr=8-42
"Telescopes for Adults Astronomy, 70mm Aperture 700mm Focus Length Astronomical Telescope for Kids Beginners, 3 Rotatable Eyepieces,Telescope with Tripod, Phone Adapter, Carrying Bag",$259.99,$219.99,-15.39%,3.4 out of 5 stars,3.4,https://www.amazon.ca/Telescopes-Astronomy-Astronomical-Telescope-Beginners/dp/B09J4NYHW1/ref=sr_1_43?keywords=telescope&qid=1671541514&sr=8-43
"MAXLAPTER Telescopes for Astronomy, 16X-201X High Magnification Telescopes for Astronomy Beginners,70mm Aperture 400mm AZ Telescopes with FMC Optics for Kids Adults with Backpack,Phone Adapter,Tripod",$123.99,$94.92,-23.45%,3.8 out of 5 stars,3.8,https://www.amazon.ca/MAXLAPTER-Telescopes-Astronomy-Magnification-Beginners/dp/B095LYMLQT/ref=sr_1_44?keywords=telescope&qid=1671541514&sr=8-44
"BNISE 70mm Portable Refractor Telescope & HD Binoculars, Fully Coated Glass Optics, Ideal Telescope for Kids Beginners, with Adjustable Tripod Smartphone Adapter Moon Filter and Carry Bag",$139.99,$81.99,-41.43%,3.7 out of 5 stars,3.7,https://www.amazon.ca/BNISE-Refractor-Binoculars-Adjustable-Smartphone/dp/B07V1J3N9Z/ref=sr_1_45?keywords=telescope&qid=1671541514&sr=8-45
"USCAMEL Telescope for Adults Astronomy, Ideal Gift for Kids Beginners, 60mm Aperture 500mm AZ Mount, Fully Multi-Coated Optics, with Adjustable Tripod Phone Adapter Carrying Bag(50060 White)",$145.99,$129.99,-10.96%,3.9 out of 5 stars,3.9,https://www.amazon.ca/Telescopes-Astronomy-Professional-Refractor-Multi-Coated/dp/B09FPNHKZ6/ref=sr_1_46?keywords=telescope&qid=1671541514&sr=8-46
"Monocular Telescope,40X60 High Power Monocular Telescope HD Dual Focus Scope, Waterproof Compact Monocular with Smartphone Holder Tripod, for Hunting Bird Watching Camping Outdoor Sporting",,$24.99,0%,3.3 out of 5 stars,3.3,https://www.amazon.ca/Monocular-Telescope-Waterproof-Smartphone-Watching/dp/B09XF8DLTM/ref=sr_1_47?keywords=telescope&qid=1671541514&sr=8-47
"Telescope, Telescopes for Adults, 70mm Aperture 400mm Focal Length, Telescopes for Adults Astronomy Travel Refractor Telescope with Carry Bag, Gift for Kids",$139.99,$128.88,-7.94%,4.2 out of 5 stars,4.2,https://www.amazon.ca/Telescope-Telescopes-Aperture-Astronomy-Beginners/dp/B08HQFP9V3/ref=sr_1_48?keywords=telescope&qid=1671541514&sr=8-48
"Celestron – StarSense Explorer LT 114AZ Smartphone App-Enabled Telescope – Works with StarSense App to Help You Find Stars, Planets & More – 114mm Newtonian Reflector – iPhone/Android Compatible…",,$549.99,0%,4.2 out of 5 stars,4.2,https://www.amazon.ca/Celestron-StarSense-Smartphone-App-Enabled-Compatible/dp/B083JQBC1G/ref=sr_1_49?keywords=telescope&qid=1671541514&sr=8-49
"Telescope,20X-165X HD Telescop 60mm Aperture 500mm AZ Mount Astronomical Refracting Telescope Adjustable Portable Telescopes with Adjustable Tripod, Phone Adapter, Nylon Bag",,$89.99,0%,No reviews,0,https://www.amazon.ca/Telescope-Astronomical-Refracting-Adjustable-Telescopes/dp/B09SFP28JN/ref=sr_1_50?keywords=telescope&qid=1671541514&sr=8-50
"Reflector Telescope 350X for Beginners, Kids, Adults, 700mm/76mm Starter Scope Astronomical Telescope to View Landscape and Planet, with Tripod, Wire Shutter, Phone Adapter - Black",,$159.99,0%,3.4 out of 5 stars,3.4,https://www.amazon.ca/Reflector-Telescope-Beginners-Astronomical-Landscape/dp/B09D7BDDW7/ref=sr_1_51?keywords=telescope&qid=1671541514&sr=8-51
"FREE SOLDIER Telescope for Kids&Astronomy Beginners - 70mm Aperture Refractor Telescope for Stargazing With Adjustable Tripod Phone Adapter Wireless Remote Perfect Travel Telescope Gift for Kids, Blue",,$89.99,0%,3.9 out of 5 stars,3.9,https://www.amazon.ca/FREE-SOLDIER-Telescope-Astronomy-Beginners/dp/B08KGKQ2VB/ref=sr_1_52?keywords=telescope&qid=1671541514&sr=8-52
"Celestron 31036 Astro Master Lt 76Az Breathtaking Views, Astronomical Telescope, Blue",$173.98,$164.98,-5.17%,4.1 out of 5 stars,4.1,https://www.amazon.ca/Celestron-31036-Breathtaking-Astronomical-Telescope/dp/B007DJZHMW/ref=sr_1_54?keywords=telescope&qid=1671541514&sr=8-54
Coleman AT70 400x70 Telescope (Black),,$91.00,0%,4.3 out of 5 stars,4.3,https://www.amazon.ca/Coleman-AT70-400x70-Telescope-Black/dp/B004QMA5AS/ref=sr_1_55?keywords=telescope&qid=1671541514&sr=8-55
Telescopes for Astronomy Beginner Adults & Kids Monocular Refractor Telescope 400mm*80mm with Tripod & Smartphone Adapter Off-White,$143.99,$129.99,-9.72%,4.1 out of 5 stars,4.1,https://www.amazon.ca/Telescopes-Astronomy-Monocular-Refractor-Smartphone/dp/B08MVQ1NMJ/ref=sr_1_56?keywords=telescope&qid=1671541514&sr=8-56
"Astronomy Telescope for Kids Beginners Adults, BNISE Portable HD 400/70mm Refractor Telescopes with Binoculars, Adjustable Tripod, Smartphone Adapter, Wire Shutter, Moon Filter and Carry Bag",,$89.99,0%,3.7 out of 5 stars,3.7,https://www.amazon.ca/BNISE-Telescopes-Binoculars-Adjustable-Smartphone/dp/B07ZHGV8JT/ref=sr_1_53?keywords=telescope&qid=1671541535&sr=8-53
"Telescope for Adults Kids Astronomy Beginners, 80mm Aperture 500mm AZ Mount, Astronomical Refractor Professional Telescope with Tripod and Phone Adapter to Observe Moon and Planet",,$219.99,0%,4.2 out of 5 stars,4.2,https://www.amazon.ca/Telescope-Astronomy-Beginners-Astronomical-Professional/dp/B08KGBW3K3/ref=sr_1_54?keywords=telescope&qid=1671541535&sr=8-54
"JLHT 40X60 Monocular Telescope High Power for Adults with Phone Adapter& Tripod& Hand Strap Low Night Vision Equipped BAK4 Prism Bird Watching Hunting Traveling Concert, Green (JLHT-2201)",,$49.99,0%,4.7 out of 5 stars,4.7,https://www.amazon.ca/JLHT-Monocular-Telescope-Traveling-JLHT-2201/dp/B09TQZQHX6/ref=sr_1_55?keywords=telescope&qid=1671541535&sr=8-55
"Telescope, 70mm Aperture 400mm AZ Mount Astronomical Refracting Telescope for Astronomy Beginners, Adjustable Portable Travel Telescopes for Adults Astronomy with Backpack",$99.99,$89.99,-10.0%,3.0 out of 5 stars,3.0,https://www.amazon.ca/Telescope-Astronomical-Refracting-Adjustable-Telescopes/dp/B09NZMSGJ9/ref=sr_1_56?keywords=telescope&qid=1671541535&sr=8-56
"Telescope for Kids Adults Astronomy Beginners, 400mm Astronomical Refracting Telescopes, 70mm Aperture Starter Scope with Tripod, Moon Filter, Carry Bag，Wire Shutter, Phone Adapter(White)",$124.99,$104.99,-16.0%,4.5 out of 5 stars,4.5,https://www.amazon.ca/Telescope-Astronomy-Astronomical-Refracting-Telescopes/dp/B09GP3RJXP/ref=sr_1_57?keywords=telescope&qid=1671541535&sr=8-57
40X60 Monocular Telescope High Power Monocular for Adults with Phone Adapter & Tripod & Hand Strap Low Night Vision Monocular Equipped with BAK4 Prism for Bird Watching Camping Travelling Concert,$119.99,$79.99,-33.34%,3.9 out of 5 stars,3.9,https://www.amazon.ca/Pankoo-Monocular-Telescopes-Watching-Traveling/dp/B088D5JNSN/ref=sr_1_58?keywords=telescope&qid=1671541535&sr=8-58
QUNSE Telescope for Kids Beginners 167X Astronomical Refractor Telescope 500x60mm with Smartphone Adapter/Handbag (167X-Silver),,$89.99,0%,4.1 out of 5 stars,4.1,https://www.amazon.ca/QUNSE-Refractor-Telescope-Smartphone-167X-Silver/dp/B08H22M7DJ/ref=sr_1_59?keywords=telescope&qid=1671541535&sr=8-59
"BNISE 70mm Telescope for Astronomy Beginners, Kids and Adults, 16~67X Professional Refractor Telescope with Phone Adapter, Moon Filter and Carry Bag, Portable for Moon Watching, Stargazing and Travel",,$99.99,0%,3.5 out of 5 stars,3.5,https://www.amazon.ca/Refractive-Professional-Astronomical-Telescope-Magnification/dp/B07Z3CCKV9/ref=sr_1_62?keywords=telescope&qid=1671541535&sr=8-62
"USCAMEL Telescope for Kids Adults Astronomy Beginners，200X Astronomy Telescope with Phone Adapter & Adjustable Tripod，Portable Refractor Telescope for Viewing The Moon, Bird Watching, Viewing Scenery",,$115.99,0%,5.0 out of 5 stars,5.0,https://www.amazon.ca/USCAMEL-Telescope-Beginners%EF%BC%8C200X-Adjustable-Tripod%EF%BC%8CPortable/dp/B08YR3NY4Y/ref=sr_1_63?keywords=telescope&qid=1671541535&sr=8-63
"40X60 Monocular Telescope with Smartphone Holder&Tripod, High Power BAK4 Prism Compact Monoculars for Adults Kids HD Monocular Scope for Bird Watching Hunting Hiking Concert Travelling",$99.99,$79.99,-20.0%,4.0 out of 5 stars,4.0,https://www.amazon.ca/Binoculars-Pankoo-Portable-Lightweight-Birdwatching%EF%BC%8CViewing/dp/B08RRXDYBX/ref=sr_1_64?keywords=telescope&qid=1671541535&sr=8-64
Victorian Marine Antique Floor Standing Brass Telescope Navy Adjustable Vintage Home Decor,,$139.00,0%,4.3 out of 5 stars,4.3,https://www.amazon.ca/collectiblesBuy-Victorian-Standing-Telescope-Adjustable/dp/B081DY7B59/ref=sr_1_65?keywords=telescope&qid=1671541535&sr=8-65
"Telescope 60AZ Refractor Telescope Scope - 60mm Aperture and 700mm Focal Length, Multi-Layer Green Film, with Digiscoping Adapter for Photography",,$199.99,0%,4.2 out of 5 stars,4.2,https://www.amazon.ca/Telescope-70EQ-Refractor-Scope-Multi-Layer/dp/B07M5S8B5X/ref=sr_1_66?keywords=telescope&qid=1671541535&sr=8-66
"Telescope for Kids Beginners,150X Astronomy Monocular Telescopes 300/70mm with Phone Adapter, Camera Wire Shutter, Moon Filter and Backpack- Adjustable Tall Tripod",,$79.99,0%,No reviews,0,https://www.amazon.ca/Telescope-Beginners-Astronomy-Telescopes-Adjustable/dp/B09JSBTXJS/ref=sr_1_67?keywords=telescope&qid=1671541535&sr=8-67
Celestron 21023 Cometron FirstScope Telescope,,$64.95,0%,4.1 out of 5 stars,4.1,https://www.amazon.ca/Celestron-21023-Cometron-FirstScope-Telescope/dp/B00DV6SBRO/ref=sr_1_68?keywords=telescope&qid=1671541535&sr=8-68
Skyoptikst 1400x 150 mm Reflector Newtionan Astronomical Telescope High Power Equatorial Mount Star Planet Moon Saturn Jupiter (T150-1400EQ),,$519.99,0%,No reviews,0,https://www.amazon.ca/Skyoptikst-Reflector-Astronomical-Equatorial-T150-1400EQ/dp/B09X76ZFMH/ref=sr_1_73?keywords=telescope&qid=1671541535&sr=8-73
"LUXUN Telescope for Adult and Kids, Astronomy 80mm Aperture 500mm Refracting AZ Mount Telescope (20X-150X) for Beginners, Telescope with Tripod, Phone Adapter, Carry Bag and Wireless Remote",,$229.99,0%,4.1 out of 5 stars,4.1,https://www.amazon.ca/Astronomical-Telescope-Professional-Astronomy-Refractor/dp/B099N4NYY6/ref=sr_1_74?keywords=telescope&qid=1671541535&sr=8-74
LUXUN Telescope for Adult Astronomy Professional Beginner Kid 5-7 8-12 Refractor Telescope Super Telephoto Space Astrophotography Telescope for Viewing Planets High Powered Powerful Telescope,,$101.99,0%,3.8 out of 5 stars,3.8,https://www.amazon.ca/Telescope-Astronomy-Beginners-Astronomical-Refracting/dp/B08S7DSY1J/ref=sr_1_76?keywords=telescope&qid=1671541535&sr=8-76
"Space Astronomical Telescope for Kids Beginners, 150X Telescope with with Tripod, Phone Adapter, Finder Scope, Moon Filter, 2 Options Eyepiece",,$78.99,0%,3.5 out of 5 stars,3.5,https://www.amazon.ca/Astronomical-Telescope-Beginners-Adapter-Eyepiece/dp/B09KN5ZV6C/ref=sr_1_77?keywords=telescope&qid=1671541535&sr=8-77
"12x50 Monocular Telescope for Adults Kids with Smartphone Adapter Tripod Hand Strap, Lightweight High Power BAK-4 Prism & FMC Lens Monoculars for Bird Watching Camping Hiking Travel Scenery",$99.99,$79.99,-20.0%,4.3 out of 5 stars,4.3,https://www.amazon.ca/Pankoo-Monoculars-Monocular-Telescope-Smartphone/dp/B08XYTR8HT/ref=sr_1_79?keywords=telescope&qid=1671541535&sr=8-79
"Astronomy Telescope for Adults Beginner 20x-167x High Power with Phone Mount 3X Barlow Lens K9mm K17.5 K25mm Eyepiece Backpack, Ideal for Stargazing Moon Animal Seeing Birding",$129.99,$94.99,-26.93%,3.7 out of 5 stars,3.7,https://www.amazon.ca/Astronomy-Telescope-Beginner-20x-167x-Stargazing/dp/B08M39S3HY/ref=sr_1_80?keywords=telescope&qid=1671541535&sr=8-80
"VINTEAM Phone Telescope for Beginners, 70mm Aperture 400mm Astronomical Refractor Telescope with Fully Multi-Coated Optics, Portable Tripod Phone Adapter to Observe Moon and Landscape",,$121.99,0%,3.6 out of 5 stars,3.6,https://www.amazon.ca/VINTEAM-Telescope-Beginners-Astronomical-Multi-Coated/dp/B09M3LNHBN/ref=sr_1_81?keywords=telescope&qid=1671541535&sr=8-81
Retro High Magnification Brass Tube Telescope with Pirates Handicraft Leather Case Nautical Vintage Sailor Spyglass - CollectiblesBuy,,$50.40,0%,3.9 out of 5 stars,3.9,https://www.amazon.ca/Magnification-Telescope-Handicraft-Nautical-Spyglass/dp/B07H4GYWFJ/ref=sr_1_82?keywords=telescope&qid=1671541535&sr=8-82
Buumin Telescope HD High Magnification Refractor Telescope with Tripod for Astronomy Adults Kids Beginners Watching Moon Bird Natural Scenery Concert Planet Monocular Astronomical Telescope,,$104.99,0%,No reviews,0,https://www.amazon.ca/Buumin-Telescope-Magnification-Refractor-Astronomical/dp/B09MVV6K95/ref=sr_1_83?keywords=telescope&qid=1671541535&sr=8-83
"Telescope for Kids Adults, 15X-150X Kids Telescope,70mm Aperture 480mm Focal Length Astronomical Refractor Telescope, Portable Scope with 42 inch Aluminum Tripod and Smartphone Adapter Portable",,$88.99,0%,No reviews,0,https://www.amazon.ca/Telescope-15X-150X-Astronomical-Refractor-Smartphone/dp/B09CZ4DK6Z/ref=sr_1_84?keywords=telescope&qid=1671541535&sr=8-84
Celestron 94307 AstroMaster Accessory Kit Telescope (Black),,$107.89,0%,4.5 out of 5 stars,4.5,https://www.amazon.ca/Celestron-94307-AstroMaster-Accessory-Telescope/dp/B004KMC0UC/ref=sr_1_85?keywords=telescope&qid=1671541535&sr=8-85
Multipurpose Telescope Case - Fits Most Telescopes - 40x11.5x9 inch - Bonus Smart Phone Adapter Included,$131.67,$99.67,-24.3%,4.7 out of 5 stars,4.7,https://www.amazon.ca/Rhino-BagMate-Telescope-Bag-Lances/dp/B07FDCVR2B/ref=sr_1_86?keywords=telescope&qid=1671541535&sr=8-86
Celestron ExploraScope 114AZ Refractor Telescope,,$244.99,0%,4.3 out of 5 stars,4.3,https://www.amazon.ca/Celestron-ExploraScope-114AZ-Refractor-Telescope/dp/B00VTSIVO4/ref=sr_1_87?keywords=telescope&qid=1671541535&sr=8-87
"SkyWatcher S20530 Star Adventurer Latitude (EQ) Base, Telescope Accessory, Black",$125.58,$107.43,-14.45%,4.5 out of 5 stars,4.5,https://www.amazon.ca/SkyWatcher-S20530-Adventurer-Telescope-Accessory/dp/B00Y1ZDK5W/ref=sr_1_88?keywords=telescope&qid=1671541535&sr=8-88
"BagMate Multipurpose Telescope Bag, 39x12.3x12.3 inch – Shock-Absorbent Telescope Carrying Case with Adjustable Shoulder Strap and Extra Storage",,$86.90,0%,4.5 out of 5 stars,4.5,https://www.amazon.ca/Multipurpose-Telescope-Bag-Shock-Absorbent-Military-Grade/dp/B07MR3D8ZV/ref=sr_1_89?keywords=telescope&qid=1671541535&sr=8-89
SVBONY SV105 Telescope Camera CMOS Electronic Digital Eyepiece for Telescope 1.25 inches Lunar Planetary Astronomy Camera for Beginners,,$69.99,0%,4.1 out of 5 stars,4.1,https://www.amazon.ca/SVBONY-SV105-Telescope-Eyepiece-Astronomy/dp/B07BKSHH3H/ref=sr_1_90?keywords=telescope&qid=1671541535&sr=8-90
BEBANG Telescope for Adults Kids Beginners- 3 Rotatable Eyepieces 70mm Aperture 400mm Astronomy Refractor Telescope with Adjustable Tripod - Perfect Telescope Gift for Kids View Aurora Moon Planets…,,$139.99,0%,3.8 out of 5 stars,3.8,https://www.amazon.ca/BEBANG-Telescope-Beginners-Rotatable-Adjustable/dp/B094YB7XBN/ref=sr_1_91?keywords=telescope&qid=1671541535&sr=8-91
"Educational Insights GeoSafari Jr. My First Telescope (Pink) - STEM Toy for Kids, Telescope for Kids",,$45.49,0%,3.1 out of 5 stars,3.1,https://www.amazon.ca/Educational-Insights-GeoSafari-First-Telescope/dp/B083FKFN3B/ref=sr_1_92?keywords=telescope&qid=1671541535&sr=8-92
"Hey! Play! Telescope for Kids, 60mm Refractor for Astronomy Beginners",,$81.52,0%,3.6 out of 5 stars,3.6,https://www.amazon.ca/Hey-Play-Telescope-Refractor-Astronomy/dp/B072F21NYG/ref=sr_1_93?keywords=telescope&qid=1671541535&sr=8-93
Multipurpose Telescope Case - Fits Most Telescopes - 30x11.4X10 inch - Smart Phone Adapter Included,$131.67,$99.67,-24.3%,4.5 out of 5 stars,4.5,https://www.amazon.ca/Rhino-BagMate-Telescope-Bag-Lances/dp/B07FDHXD63/ref=sr_1_94?keywords=telescope&qid=1671541535&sr=8-94
"114EQ Telescope, 900mm Telescopes for Adults Astronomy with German Technology Equatorial, Fully- Coated Glass Optics Professional Newtonian Reflector Telescopes for Astronomy Beginners",,$399.99,0%,4.0 out of 5 stars,4.0,https://www.amazon.ca/Telescope-Telescopes-Technology-Equatorial-Professional/dp/B0B3D9S3PJ/ref=sr_1_95?keywords=telescope&qid=1671541535&sr=8-95
"SVBONY SV550 Telescope, 80mm F6 APO Triplet Refractor OTA, 180mm Dovetail Plate, 2.5 inches Micro-Reduction Rap Focuser, Telescope Adults for Deep Sky Astrophotography and Observation",,"$1,581.99",0%,4.5 out of 5 stars,4.5,https://www.amazon.ca/SVBONY-Telescope-Micro-Reduction-Astrophotography-Observation/dp/B0B24TQ291/ref=sr_1_96?keywords=telescope&qid=1671541535&sr=8-96
Gosky Updated 20-60x80 Spotting Scope with Tripod and Carrying Bag and Smartphone Adapter - BAK4 Angled Telescope - Waterproof Scope for Target Shooting Hunting Bird Watching Wildlife Scenery,$290.99,$207.99,-28.52%,4.3 out of 5 stars,4.3,https://www.amazon.ca/Updated-20-60x80-Spotting-Carrying-Smartphone/dp/B07KFTV8WM/ref=sr_1_97?keywords=telescope&qid=1671541535&sr=8-97
Buki france Ts006B - Telescope 15 Activities,$59.81,$38.99,-34.81%,4.0 out of 5 stars,4.0,https://www.amazon.ca/Buki-Ts006B-Telescope-15-Activities/dp/B072M6T18X/ref=sr_1_98?keywords=telescope&qid=1671541535&sr=8-98
Super7One Handcrafted Telescope | in Box | Functional Vintage Replica Brass Nautical Antique Telescope | Spyglass & Collectible Decor | for Kids | Bookshelf Retro Decor 15 Inches,,$54.99,0%,4.3 out of 5 stars,4.3,https://www.amazon.ca/Super7One-Handcrafted-Telescope-Functional-Nautical/dp/B07PVL5H7L/ref=sr_1_99?keywords=telescope&qid=1671541535&sr=8-99
"Telescope for Kids and Adults, VinTeam Professional Astronomical Refractor Telescope with 70mm Aperture and 300mm Focal Length, Adjustable Tripod Stand, Refraction Monoculars and Mobile Phone Holder",,$81.99,0%,3.6 out of 5 stars,3.6,https://www.amazon.ca/Professional-Astronomical-Adjustable-Refraction-Monoculars/dp/B08YN56HLK/ref=sr_1_100?keywords=telescope&qid=1671541535&sr=8-100
SVBONY SV503 Telescope 80ED F7 Telescope OTA Focal Length 560mm for Exceptional Viewing and Astrophotography,,$881.39,0%,4.7 out of 5 stars,4.7,https://www.amazon.ca/SVBONY-Telescope-Exceptional-Viewing-Astrophotography/dp/B085NTQL2C/ref=sr_1_102?keywords=telescope&qid=1671541535&sr=8-102
"Telescope for Adults Kids Beginners,60mm Aperture Portable Professional Astronomical Telescope Refractor with Finder Scope Adjustable Tripod Smartphone Adapter 3X Barlow Lens Best Telescope Gifts",$166.58,$129.98,-21.97%,3.8 out of 5 stars,3.8,https://www.amazon.ca/Telescope-Professional-Astronomical-Adjustable-Smartphone/dp/B08ZHV5KP8/ref=sr_1_104?keywords=telescope&qid=1671541535&sr=8-104
Vintage Marine Telescopes Unique Sailor Ship Instrument Maritime Gift Item,,$39.00,0%,4.3 out of 5 stars,4.3,https://www.amazon.ca/Vintage-Marine-Telescopes-Instrument-Maritime/dp/B01M2YQXCK/ref=sr_1_101?keywords=telescope&qid=1671541545&sr=8-101
Telescope Carrying Case | Telescope Bag | Telescope Case with Foam | Carrying Case Telescope | Compatible with Celestron Telescope | Telescope Bags and Cases | Telescope Cases | Telescope Carry Case,,$59.99,0%,4.4 out of 5 stars,4.4,https://www.amazon.ca/Telescope-Carrying-Compatible-Celestron-Cases/dp/B09LG5RX8T/ref=sr_1_102?keywords=telescope&qid=1671541545&sr=8-102
Gosky Titan 12X50 Monocular Telescope with Smartphone Holder - Waterproof Fog-Proof Shockproof Scope BAK-4 Prism FMC for Bird Watching Hunting Camping Traveling Wildlife Scenery,$145.99,$129.99,-10.96%,4.1 out of 5 stars,4.1,https://www.amazon.ca/Gosky-Titan-Monocular-Smartphone-Holder/dp/B06XKNDJHP/ref=sr_1_103?keywords=telescope&qid=1671541545&sr=8-103
"Nature Bound Telescope for Kids and Beginners, 16X Magnification and 15mm Lens for Indoor and Outdoor Use - Adjustable Tripod Included - for Kids Ages 6+, Green (NB538)",,$80.25,0%,4.0 out of 5 stars,4.0,https://www.amazon.ca/Nature-Bound-Telescope-Beginners-Magnification/dp/B08CWGNZP7/ref=sr_1_104?keywords=telescope&qid=1671541545&sr=8-104
Sky-Watcher EvoStar 72 APO Doublet Refractor – Compact and Portable Optical Tube for Affordable Astrophotography and Visual Astronomy (S11180),,$677.13,0%,4.5 out of 5 stars,4.5,https://www.amazon.ca/Sky-Watcher-EvoStar-Optical-Assembly-S11180/dp/B07J25Z8J9/ref=sr_1_105?keywords=telescope&qid=1671541545&sr=8-105
Celestron 94303 Accessory Kit,,$291.13,0%,4.6 out of 5 stars,4.6,https://www.amazon.ca/Celestron-94303-Accessory-Kit/dp/B00006RH5I/ref=sr_1_106?keywords=telescope&qid=1671541545&sr=8-106
"16X52 Monocular Telescope, High Power Prism Compact Monoculars for Adults Kids HD Monocular Scope for Bird Watching Camping Hiking Concert Travelling",$63.99,$39.99,-37.51%,3.9 out of 5 stars,3.9,https://www.amazon.ca/Pankoo-Monocular-Telescope-Monoculars-Travelling/dp/B08FMM86JN/ref=sr_1_107?keywords=telescope&qid=1671541545&sr=8-107
Sky-Watcher AZ-GTI with SkyMax 127 – Modular Go-to Alt-Az Tracking Mount for Time-Lapse and Panoramas – WiFi Enabled App Controlled – 127mm Maksutov Telescope,,"$1,189.51",0%,3.4 out of 5 stars,3.4,https://www.amazon.ca/Watcher-Skymax-AZ-GTI-Mount-Optical/dp/B07M8GYJD3/ref=sr_1_108?keywords=telescope&qid=1671541545&sr=8-108
"SIHEA 14X65 Monocular Telescope with Smartphone Holder & Tripod, Powerful HD Monocular Scope for Adults Kids, BAK4 & FMC, Hunting Gear for Birdwatching, Camping - Cool Gadgets Gifts for Men Dad Him",,$69.99,0%,3.9 out of 5 stars,3.9,https://www.amazon.ca/Monocular-Telescope-Objective-Definition-Smartphone/dp/B08P3MN87R/ref=sr_1_109?keywords=telescope&qid=1671541545&sr=8-109
Funwell Small Compact Lightweight 12x25 Binoculars for Bird Watching Travel Concert Opera Kids Sports Game Outdoors Camping Hiking Trip,,$22.99,0%,5.0 out of 5 stars,5.0,https://www.amazon.ca/Funwell-Lightweight-Binoculars-Watching-Outdoors/dp/B0B4W9JB8M/ref=sr_1_110?keywords=telescope&qid=1671541545&sr=8-110
Celestron 94306 PowerSeeker Accessory Kit Telescope (Black),$69.99,$49.98,-28.59%,4.5 out of 5 stars,4.5,https://www.amazon.ca/Celestron-94306-PowerSeeker-Accessory-Telescope/dp/B004OUMTT2/ref=sr_1_111?keywords=telescope&qid=1671541545&sr=8-111
"Monocular,40 * 60HD Monocular Telescope Smartphone & Tripod,IPX7 Waterproof Monocular with BAK6 Prism FMC for Birds Watching Travelling Hunting Camping Hiking-MKPEMEBR",$39.99,$29.99,-25.01%,No reviews,0,https://www.amazon.ca/Monocular-Smartphone-Waterproof-Travelling-Hiking-MKPEMEBR/dp/B0B3MXY8JX/ref=sr_1_112?keywords=telescope&qid=1671541545&sr=8-112
Buki Toys - TS007B - Telescope 30 Activities by Buki Toys France,,$109.99,0%,4.0 out of 5 stars,4.0,https://www.amazon.ca/Buki-TS007B-Telescope-activities-France/dp/B00D466PGA/ref=sr_1_114?keywords=telescope&qid=1671541545&sr=8-114
"NOCOEX 700mm/70mm AZ Astronomy Telescope for Beginner, Kids, Adults, Refracting Telescope with Finder Scope, Phone Adapter, Carrying Bag Ideal Travel Telescope for View Moon & Planet, Bird Watching",,$187.00,0%,2.8 out of 5 stars,2.8,https://www.amazon.ca/NOCOEX-Astronomy-Telescope-Beginner-Refracting/dp/B09K3Q7J9D/ref=sr_1_115?keywords=telescope&qid=1671541545&sr=8-115
"12x50 Monocular Telescope, High Power BAK4 Prism Monocular with Smartphone Holder & Tripod, Waterproof Compact Handheld Telescope for Adults Kids, Night Vision for Camping Stargazing Bird-Watching",,$42.90,0%,3.9 out of 5 stars,3.9,https://www.amazon.ca/12x50-Monocular-Telescope-Smartphone-Bird-Watching/dp/B09MVY6HFZ/ref=sr_1_116?keywords=telescope&qid=1671541545&sr=8-116
Telescope for Kids 70mm Apeture Travel Telescope 400mm AZ Mount - Good Partner to View Moon and Planet - Good Travel Telescope with Backpack for Kids and Beginners,,$156.78,0%,4.2 out of 5 stars,4.2,https://www.amazon.ca/Telescope-Aperture-Astronomical-Refractor-Beginners/dp/B07M775GYM/ref=sr_1_121?keywords=telescope&qid=1671541545&sr=8-121
Celestron 93973 SkyQ Link 2 Wi-Fi Module (Black),$177.74,$129.98,-26.87%,4.3 out of 5 stars,4.3,https://www.amazon.ca/Celestron-93973-Wi-Fi-Module-Black/dp/B00OJ5Z2NM/ref=sr_1_122?keywords=telescope&qid=1671541545&sr=8-122
"Telescope for Kids Beginners, Astronomy Monocular Telescopes 300/70mm with Phone Adapter, Camera Wire Shutter, Moon Filter and Backpack- Adjustable Tripod",,$79.99,0%,No reviews,0,https://www.amazon.ca/Telescope-Beginners-Astronomy-Telescopes-Adjustable/dp/B09JRX3S3Z/ref=sr_1_123?keywords=telescope&qid=1671541545&sr=8-123
SVBONY Red Laser Collimator for Newtonian Reflector Marca Telescope Alignment 1.25 inches 7 Bright Levels Triple Cemented Lens with 2 inches Adapter,,$45.99,0%,4.4 out of 5 stars,4.4,https://www.amazon.ca/SVBONY-Collimator-Telescope-Newtonian-Telescopes/dp/B00LX34ZH2/ref=sr_1_124?keywords=telescope&qid=1671541545&sr=8-124
"Telescope for Kids Adults Astronomy Beginners, 70mm Aperture 400mm Astronomical Refracting Starter Scope,with Tripod, Moon Filter, Carry Bag, Wire Shutter, Phone Adapter(White)",$119.99,$99.99,-16.67%,3.7 out of 5 stars,3.7,https://www.amazon.ca/Telescope-Astronomy-Beginners-Astronomical-Refracting/dp/B09GP3BSQ4/ref=sr_1_125?keywords=telescope&qid=1671541545&sr=8-125
Gosky 12x55 High Definition Monocular Telescope and Quick Smartphone Holder - 2020 Upgraded Waterproof Monocular -BAK4 Prism for Wildlife Bird Watching Hunting Camping Travelling Wildlife Secenery,$189.99,$139.99,-26.32%,4.2 out of 5 stars,4.2,https://www.amazon.ca/Gosky-Definition-Monocular-Telescope-Smartphone/dp/B07B8XTS3Z/ref=sr_1_126?keywords=telescope&qid=1671541545&sr=8-126
Celestron - 80mm Travel Scope - Portable Refractor Telescope - Fully-Coated Glass Optics - Ideal Telescope for Beginners - Bonus Astronomy Software Package - Digiscoping Smartphone Adapter,,$227.42,0%,4.1 out of 5 stars,4.1,https://www.amazon.ca/Celestron-Observe-Refracting-Telescope-22030/dp/B07J15P2N3/ref=sr_1_127?keywords=telescope&qid=1671541545&sr=8-127
Educational Insights Omega Refractor Telescope,,$198.87,0%,4.6 out of 5 stars,4.6,https://www.amazon.ca/Educational-Insights-Omega-Refractor-Telescope/dp/B0007COBFG/ref=sr_1_128?keywords=telescope&qid=1671541545&sr=8-128
"Pirate Monocular Telescope for Kids & Adults, Handheld Collapsible Brass Telescope 25x30 Zoomable Portable Pirate Spyglass for Cruise Ship Travel Watching Games Hiking Hunting and More",,$51.88,0%,4.2 out of 5 stars,4.2,https://www.amazon.ca/Monocular-Telescope-Handheld-Collapsible-Zoomable/dp/B07MDX7P6N/ref=sr_1_129?keywords=telescope&qid=1671541545&sr=8-129
"Monocular Telescope, 100X90 High Power HD with Night Vision, Telescope with Smartphone Holder and Tripod for Spotting Sights, Camping, Hiking, Travel, Hunting",,$65.99,0%,2.5 out of 5 stars,2.5,https://www.amazon.ca/Monocular-Telescope-Smartphone-Spotting-Camping/dp/B0B53JSNSM/ref=sr_1_130?keywords=telescope&qid=1671541545&sr=8-130
Astronomical Telescope Professional Adult Telescope Refractor Mirror View of The Scenery Hiking Maximum 336 Times Magnification,$220.06,$188.74,-14.23%,3.3 out of 5 stars,3.3,https://www.amazon.ca/Astronomical-Telescope-Professional-Refractor-Magnification/dp/B08F4SJ8VX/ref=sr_1_131?keywords=telescope&qid=1671541545&sr=8-131
"Telescope for Kids & Astronomy Beginners, 70mm Aperture Portable Telescopes with 3 Eyepieces, Height Adjustable Tripod & Phone Adapter Gift for Christmas",,$69.99,0%,No reviews,0,https://www.amazon.ca/Telescope-Astronomy-Beginners-Telescopes-Adjustable/dp/B0BP12QZRX/ref=sr_1_132?keywords=telescope&qid=1671541545&sr=8-132
Laupha Retro Pirate Telescope Zoomable 25x30 Pocket Monocular Portable Collapsible Waterproof Spyglass Handheld Telescope Vintage Monocular for Kids,,$43.99,0%,4.2 out of 5 stars,4.2,https://www.amazon.ca/Monocular-PROCHE-Collapsible-Waterproof-Telescope/dp/B073QT2F82/ref=sr_1_133?keywords=telescope&qid=1671541545&sr=8-133
"Thames & Kosmos My Discovery Telescope | Refracting Telescope with 12x Magnification | Compact & Portable for Land & Night Sky Observations | See The Moon, Planets, Wild Animals in Your Backyard!",,$36.32,0%,3.7 out of 5 stars,3.7,https://www.amazon.ca/Thames-Kosmos-Refracting-Magnification-Observations/dp/B0858NX7W9/ref=sr_1_134?keywords=telescope&qid=1671541545&sr=8-134
"NOCOEX Upgrade Telescope for Adults Astronomy, 70mm Aperture 700mm Focal Length Refracting Telescope for Adults, Kids, Beginners, Telescope for Moon Viewing & Stargazing",$199.00,$187.00,-6.03%,3.9 out of 5 stars,3.9,https://www.amazon.ca/NOCOEX-Telescope-Refracting-Astronomical-Beginners/dp/B09BMYDYMF/ref=sr_1_135?keywords=telescope&qid=1671541545&sr=8-135
Laupha Retro Pirate Telescope Zoomable 25x30 Spyglass Portable Collapsible Handheld Telescope Vintage Monocular for Kids & Survival Gear Compass Pocket Military Compass for Camping Boating,,$49.99,0%,3.8 out of 5 stars,3.8,https://www.amazon.ca/PROCHE-Telescope-Zoomable-Collapsible-Monocular/dp/B07RJYV73F/ref=sr_1_136?keywords=telescope&qid=1671541545&sr=8-136
Vintage Brass Telescope on Wooden Tripod Desk Stand Collectible Figurines Steampunk Maritime Table Top Home Décor Office Gfits,,$67.85,0%,3.5 out of 5 stars,3.5,https://www.amazon.ca/Vintage-Telescope-Adjustable-Tripod-Collectible/dp/B08JRWKDM2/ref=sr_1_137?keywords=telescope&qid=1671541545&sr=8-137
Educational Insights Vega 360 Telescope,,$93.83,0%,3.1 out of 5 stars,3.1,https://www.amazon.ca/Educational-Insights-Vega-360-Telescope/dp/B0007COARA/ref=sr_1_138?keywords=telescope&qid=1671541545&sr=8-138
"Telescopes for Adults Astronomy | Kids Telescope with Two Eyepieces,Telescopes for Adults for Freely Match and Observe Objects of Different Distances and Sizes Fassme",,$50.91,0%,No reviews,0,https://www.amazon.ca/Telescopes-Astronomy-Telescope-Eyepieces-Different/dp/B0BM4M6PKR/ref=sr_1_140?keywords=telescope&qid=1671541545&sr=8-140
"Gosky 12x50 ED Glass Monocular- Ultra HD Multi-Coated Waterproof Monocular Telescope-BAK4 Prism for Wildlife Bird Watching Hunting Camping Travelling Wildlife Secenery, Model:Mon-1250ED",$225.12,$197.22,-12.39%,4.2 out of 5 stars,4.2,https://www.amazon.ca/Gosky-Monocular-Multi-Coated-Waterproof-Telescope-BAK4/dp/B07F8P4MFT/ref=sr_1_141?keywords=telescope&qid=1671541545&sr=8-141
"Telescope for Adults Kids and Beginners, 15X-150X Zoom HD 70mm Larger Aperture 300mm Refractor Telescopes with Phone Adapter &Moon Filter",,$85.99,0%,No reviews,0,https://www.amazon.ca/Telescope-Beginners-15X-150X-Refractor-Telescopes/dp/B0BG7NPPRR/ref=sr_1_145?keywords=telescope&qid=1671541545&sr=8-145
Celestron 2-Inch XLT Diagonal Mirror (for SCT Telescope),,$253.94,0%,4.7 out of 5 stars,4.7,https://www.amazon.ca/Celestron-2-Inch-Diagonal-Mirror-Telescope/dp/B000F8SZIG/ref=sr_1_146?keywords=telescope&qid=1671541545&sr=8-146
Celestron 94112-A Erect Image Prism for Refractor and Schmidt Cassegrain,,$65.98,0%,4.4 out of 5 stars,4.4,https://www.amazon.ca/Celestron-94112-Refractor-Schmidt-Cassegrain/dp/B0000665V4/ref=sr_1_148?keywords=telescope&qid=1671541545&sr=8-148
collectiblesBuy Maritime Royal Brass Antique Double Barrel Authentic Marine Designer Telescope with Handmade Retro Wooden Tripod ERA Solid Tripod Premium Version Exclusively Design,,$197.10,0%,3.9 out of 5 stars,3.9,https://www.amazon.ca/collectiblesBuy-Maritime-Authentic-Telescope-Exclusively/dp/B07DXZDR9X/ref=sr_1_151?keywords=telescope&qid=1671541545&sr=8-151
"W32 Digital Telescope Camera, 12x32 2inch 8GB LCD Digital Binoculars Camera, Camera Binoculars for Hunting/Bird Watching",,$139.89,0%,No reviews,0,https://www.amazon.ca/Digital-Telescope-Binoculars-Hunting-Watching/dp/B09TBK1CBR/ref=sr_1_152?keywords=telescope&qid=1671541545&sr=8-152
"Guide Scope Monocular Telescope Monocular Astronomical Telescope, 60mm Double Helical Focuser Guide Scope Finder scope Travel Telescope to View Moon and Planet For Bird Watching, Hunting, Camping, Hiking",,$146.13,0%,4.4 out of 5 stars,4.4,https://www.amazon.ca/Monocular-Astronomical-Telescope-Finderscope-Watching/dp/B07NQDYXZ3/ref=sr_1_149?keywords=telescope&qid=1671541558&sr=8-149
"Celestron - 80mm Travel Scope - Portable Refractor Telescope - Bonus Astronomy Software Package - Digiscoping Smartphone Adapter & LensPen - Optics Cleaning Tool, Black (93575)",,$204.53,0%,4.5 out of 5 stars,4.5,https://www.amazon.ca/Celestron-Refractor-Telescope-Digiscoping-Smartphone/dp/B08JLFF5HZ/ref=sr_1_150?keywords=telescope&qid=1671541558&sr=8-150
"Carson SkySeeker Newtonian Reflector Telescope with Dobsonian Mount, 15-37.5X, Blue (JC-200)",,$152.57,0%,4.4 out of 5 stars,4.4,https://www.amazon.ca/Carson-SkySeeker-Newtonian-Reflector-JC-200/dp/B00BWUP0A2/ref=sr_1_151?keywords=telescope&qid=1671541558&sr=8-151
"SVBONY SV503 Telescope, 102ED F7 Extra Low Dispersion Achromatic Refractor OTA, Micro-Reduction Rap Focuser, for Astrophotography",,"$1,050.89",0%,4.3 out of 5 stars,4.3,https://www.amazon.ca/SVBONY-Dispersion-Achromatic-Micro-Reduction-Astrophotography/dp/B08ZS66JRB/ref=sr_1_152?keywords=telescope&qid=1671541558&sr=8-152
ESSLNB Telescope for Adults 700X70mm with K4/10/20 Eyepieces 525X Telescopes for Kids and Beginners Erect-Image Refractor Telescope with Stainless Steel Tripod Phone Mount and Red Dot Finderscope,,$249.61,0%,4.1 out of 5 stars,4.1,https://www.amazon.ca/ESSLNB-Telescope-Telescopes-Erect-Image-Finderscope/dp/B089LN68VQ/ref=sr_1_153?keywords=telescope&qid=1671541558&sr=8-153
"Sky-Watcher 12"" Collapsible Dobsonian Telescope",,"$2,140.00",0%,5.0 out of 5 stars,5.0,https://www.amazon.ca/Celestron-S11740-Sky-Watcher-Dobsonian-Telescope/dp/B004Q78OK6/ref=sr_1_154?keywords=telescope&qid=1671541558&sr=8-154
SkyWatcher S11800 GoTo Collapsible Dobsonian 8-Inch (White),,"$1,975.48",0%,3.7 out of 5 stars,3.7,https://www.amazon.ca/SkyWatcher-S11800-Collapsible-Dobsonian-8-Inch/dp/B00Z4G3BHE/ref=sr_1_155?keywords=telescope&qid=1671541558&sr=8-155
"Digital Camera Binoculars Telescope Camera 2"" LCD Display 12x32 5MP Video Photo Recorder with Free 8GB Micro SD Card for Watching Bird Football Game Concert",,$159.99,0%,3.9 out of 5 stars,3.9,https://www.amazon.ca/Binoculars-Telescope-Recorder-Watching-Football/dp/B072KSWH8F/ref=sr_1_156?keywords=telescope&qid=1671541558&sr=8-156
Celestron 52322 Landscout 12-36x60 Spotting Scope (Army Green),$109.98,$90.98,-17.28%,4.3 out of 5 stars,4.3,https://www.amazon.ca/Celestron-52322-Landscout-12-36x60-Spotting/dp/B00B7LQ2EO/ref=sr_1_158?keywords=telescope&qid=1671541558&sr=8-158
"Astromania 2"" 56mm Super Ploessl Eyepiece - The Most Inexpensive Way of Getting A Sharp Image",,$120.90,0%,3.8 out of 5 stars,3.8,https://www.amazon.ca/Astromania-56mm-Super-Ploessl-Eyepiece/dp/B06XHZ4882/ref=sr_1_159?keywords=telescope&qid=1671541558&sr=8-159
TASCO 40060660 Tasco Luminova Telescopes - 800Mm X 60Mm,,$148.53,0%,4.5 out of 5 stars,4.5,https://www.amazon.ca/Tasco-Luminova-660-60mm-Telescope/dp/B0000A0AJ5/ref=sr_1_160?keywords=telescope&qid=1671541558&sr=8-160
"Starscope Monocular Telescope G3 Ultimate Bundle - 10x42 Long Range Monoculars for Adults Bundle | Hunting and Birding Monocular with Spotting Scope Tripod, Carry Pouch, Wrist Strap, and Cloth",,$89.99,0%,4.0 out of 5 stars,4.0,https://www.amazon.ca/Starscope-Monocular-Telescope-Ultimate-Bundle/dp/B0BFHW9YS7/ref=sr_1_161?keywords=telescope&qid=1671541558&sr=8-161
BagMate Multipurpose Telescope Bag – Shock-Absorbent Telescope Carrying Case with Adjustable Shoulder Strap and Extra Storage (35 inches),,$88.93,0%,4.4 out of 5 stars,4.4,https://www.amazon.ca/Multipurpose-Telescope-Shock-Absorbent-Military-Grade-34-6x10-2x10-2/dp/B07MGYPPKW/ref=sr_1_162?keywords=telescope&qid=1671541558&sr=8-162
"Zology 12x56 HD Monocular Telescope with Premium Carry Case,Phone Adapter and New Generation Tripod,Portable and Waterproof High Power Monocular for Hunting,Hiking and Bird Watching",,$101.69,0%,4.0 out of 5 stars,4.0,https://www.amazon.ca/Zology-Monocular-Telescope-Generation-Waterproof/dp/B0BCVT1RGV/ref=sr_1_163?keywords=telescope&qid=1671541558&sr=8-163
ROKR 3D Wooden Puzzles Retro Telescope Model Kits with Tripod - 3X Magnification Lightweight Portable Monocular Gifts for Adutls/Kids Aged 14+,,$49.99,0%,4.5 out of 5 stars,4.5,https://www.amazon.ca/ROKR-Wooden-Puzzles-Telescope-Tripod/dp/B095Y67W5Z/ref=sr_1_169?keywords=telescope&qid=1671541558&sr=8-169
Celestron 52238 C70 Mini Mak Spotting Scope (Black),,$214.86,0%,4.0 out of 5 stars,4.0,https://www.amazon.ca/Celestron-52238-Spotting-Scope-Black/dp/B001MUHQBI/ref=sr_1_170?keywords=telescope&qid=1671541558&sr=8-170
"SVBONY SV48P Telescope 90mm, Achromatic OTA for Adults Beginners, Focal Length 500mm, Dual Speed 2-inch Toothed Focuser, for Astrophotography with Pearl Cotton Lining",,$519.79,0%,4.5 out of 5 stars,4.5,https://www.amazon.ca/SVBONY-Telescope-Achromatic-Beginners-Astrophotography/dp/B09KXSR58C/ref=sr_1_171?keywords=telescope&qid=1671541558&sr=8-171
Celestron 94306 PowerSeeker Accessory Kit Telescope (Black) & StarPointer Finderscope,$105.94,$78.66,-25.75%,No reviews,0,https://www.amazon.ca/Celestron-PowerSeeker-Accessory-StarPointer-Finderscope/dp/B0BKXYBWFD/ref=sr_1_172?keywords=telescope&qid=1671541558&sr=8-172
"SOLOMARK Telescope, 80EQ Refractor Professional Telescope -700mm Focal Length Telescopes for Adults Astronomy, with 1.5X Barlow Lens Adapter for Photography and 13 Percent Transmission Moon Filter",$508.48,$440.53,-13.36%,4.2 out of 5 stars,4.2,https://www.amazon.ca/Telescope-80EQ-Refractor-Scope-Transmission/dp/B087G8PFFZ/ref=sr_1_174?keywords=telescope&qid=1671541558&sr=8-174
"Starscope Monocular Telescope G3 Smartphone Pro Bundle - 10x42 Long Range Monoculars for Adults Bundle | Hunting and Birding Monocular with Spotting Scope Tripod, Phone Mount, Carry Pouch, and More",,$139.99,0%,4.0 out of 5 stars,4.0,https://www.amazon.ca/Starscope-Monocular-Telescope-Smartphone-Bundle/dp/B0BFJ8JLDL/ref=sr_1_175?keywords=telescope&qid=1671541558&sr=8-175
"Telescope Laser Collimator 1.25inch, Bysameyee Calibrator with 2’’ Adapter for Newtonian Reflector Telescope Collimation (Laser Collimator)",$47.99,$39.99,-16.67%,4.3 out of 5 stars,4.3,https://www.amazon.ca/Telescope-Collimator-Bysameyee-Calibrator-Collimation/dp/B07J5WBG4K/ref=sr_1_176?keywords=telescope&qid=1671541558&sr=8-176
Celestron 93325 40mm Omni Eyepiece (Silver/Black),,$66.00,0%,4.6 out of 5 stars,4.6,https://www.amazon.ca/Celestron-93325-Eyepiece-Silver-Black/dp/B00009R7UW/ref=sr_1_177?keywords=telescope&qid=1671541558&sr=8-177
"K&F Concept 12X42 Monocular Telescope with Phone Holder,HD Monoculars for Adults with BAK4 Prism & FMC Lens,Monocular Scope with Dual Focus Suitable for Bird Watching Hunting Wildlife Hiking Traveling",,$65.99,0%,4.4 out of 5 stars,4.4,https://www.amazon.ca/Concept-Monocular-Telescope-Monoculars-Traveling/dp/B0BFVLXVBP/ref=sr_1_178?keywords=telescope&qid=1671541558&sr=8-178
"Maksutov-Cassegrain Telescope, Mak70 Telescopes for Adults Kids 1000mm Focal Length 70mm Objective Lens, Beginners Astronomy Telescope with Slow Motion Gimbal Tripod",,$449.41,0%,4.3 out of 5 stars,4.3,https://www.amazon.ca/Maksutov-Cassegrain-Telescope-Telescopes-Objective-Beginners/dp/B0B24QGDYS/ref=sr_1_180?keywords=telescope&qid=1671541558&sr=8-180
"HSL76700 Reflector Telescopes for Adults Astronomy Professional,Beginners Telescopes for Kids 8-12,76mm Aperture 700mm Focal Length Telescopes with Tripod adapter filter 4mm12.5mm20mm eyepiece 1.5X 5X",,$380.33,0%,No reviews,0,https://www.amazon.ca/Reflector-Telescopes-Astronomy-Professional-4mm12-5mm20mm/dp/B0BL7D8JGZ/ref=sr_1_181?keywords=telescope&qid=1671541558&sr=8-181
Vintage Table Decorative Nickel Finish Coated Telescope With Black Tripod Antique Stand Nautical Sailor Pirate Instrument,,$100.94,0%,3.9 out of 5 stars,3.9,https://www.amazon.ca/Vintage-Antique-Telescope-Nautical-Telescopes/dp/B07929HHX8/ref=sr_1_182?keywords=telescope&qid=1671541558&sr=8-182
"Pirate Telescope and Compass for Kids Adults, Handheld Collapsible Brass Monocular Telescope 25x30 Zoomable Spyglass Waterproof Pocket Compass for Cruise Ship Travel Camping Hiking Outdoor Navigation",,$45.99,0%,4.3 out of 5 stars,4.3,https://www.amazon.ca/Telescope-Collapsible-Monocular-Waterproof-Navigation/dp/B083CLN8G5/ref=sr_1_183?keywords=telescope&qid=1671541558&sr=8-183
Educational Insights Nancy B's Science Club MoonScope and Sky Gazers Activity Journal,,$74.99,0%,3.5 out of 5 stars,3.5,https://www.amazon.ca/Educational-Insights-Science-MoonScope-Activity/dp/B00B1Z6F52/ref=sr_1_184?keywords=telescope&qid=1671541558&sr=8-184
"MOLIMOLLY Telescope, 70mm Aperture 400mm AZ Mount Professional Astronomical Refracting for Kids and Adults,Height Adjustable Tripod Fully Multi-Coated Optics with Carrying Bag,Smartphone Adapter",,$118.98,0%,4.1 out of 5 stars,4.1,https://www.amazon.ca/MOLIMOLLY-Professional-Astronomical-Refracting-Multi-Coated/dp/B09Q5Q34RL/ref=sr_1_185?keywords=telescope&qid=1671541558&sr=8-185
"WINWIN Binoculars for Adults 20X50,Compact Powerful HD Telescope for Bird Watching, Stargazing, Traveling,Hiking,Camping and Hunting,with Mountable Camera Smartphone Adapter and Carrying Bag",,$49.99,0%,3.9 out of 5 stars,3.9,https://www.amazon.ca/WINWIN-Binoculars-Telescope-Stargazing-Smartphone/dp/B09P8HS565/ref=sr_1_186?keywords=telescope&qid=1671541558&sr=8-186
12X50 Monocular Telescope Palwin High Power Monocular Telescope with Smartphone Holder & Tripod Low Night Vision Waterproof Zoom Telescope BAK4 Prism for Wildlife Bird Watching Hunting Camping,,$57.99,0%,4.6 out of 5 stars,4.6,https://www.amazon.ca/Monocular-Telescope-Palwin-Smartphone-Waterproof/dp/B0BFGWPHB8/ref=sr_1_187?keywords=telescope&qid=1671541558&sr=8-187
"Telescope for Kids Astronomy Beginners, Astronomical Telescope with Tripod and 20X, 40X, 60X Eyepiece, Space Kid's Explorer Educational Gift for Child Observe Moon and Planet Space",$69.25,$61.62,-11.02%,2.7 out of 5 stars,2.7,https://www.amazon.ca/Telescope-Astronomy-Beginners-Astronomical-Educational/dp/B0868BLDTV/ref=sr_1_188?keywords=telescope&qid=1671541558&sr=8-188
"Celestron 1.25"" Star Diagonal, Black (94115-A)",,$84.96,0%,4.5 out of 5 stars,4.5,https://www.amazon.ca/Celestron-1-25-Diagonal-Black-94115/dp/B00009X3UO/ref=sr_1_189?keywords=telescope&qid=1671541558&sr=8-189
200X Telescope for Astronomy F400-70MM Professional for Kids Adult Beginners Refracting Telescopes FMC with Accessories,,$79.99,0%,3.6 out of 5 stars,3.6,https://www.amazon.ca/Telescope-Professional-Refracting-Telescopes-Accessories/dp/B09D79LQGH/ref=sr_1_190?keywords=telescope&qid=1671541558&sr=8-190
"Solomark 1.25"" Telescope Eyepiece Set, 6mm, 12.5mm, 20mm Plossl Eyepiece Fully HD Coated Lens for Astronomical Telescope Eyepiece",,$67.79,0%,4.7 out of 5 stars,4.7,https://www.amazon.ca/Solomark-Telescope-Eyepiece-12-5mm-Astronomical/dp/B08Y1DM62L/ref=sr_1_191?keywords=telescope&qid=1671541558&sr=8-191
Celestron 22150 Omni XLT AZ 102mm Refractor (Blue),,$499.97,0%,3.6 out of 5 stars,3.6,https://www.amazon.ca/Celestron-22150-Omni-102mm-Refractor/dp/B014EQ1LB2/ref=sr_1_192?keywords=telescope&qid=1671541558&sr=8-192
"Monocular Telescope, 1.5Inch HD TFT Interna Screen USB 960P Video Resolution Night Vision Photo Taking Digital Monocular Telescope with Long Viewing Distance of 250-300m, Night Telescope",$103.03,$94.64,-8.14%,No reviews,0,https://www.amazon.ca/Monocular-Telescope-Resolution-Distance-250-300m/dp/B08QFSK7PP/ref=sr_1_193?keywords=telescope&qid=1671541558&sr=8-193
Barska AE10100 Starwatcher 40070 Compact Refractor Telescope with Table Top Tripod and Carrying Case (Silver),,$146.02,0%,3.8 out of 5 stars,3.8,https://www.amazon.ca/Barska-AE10100-Starwatcher-Refractor-Telescope/dp/B000BY2DJQ/ref=sr_1_194?keywords=telescope&qid=1671541558&sr=8-194
"Medieval Replicas 10"" Nautical Solid Brass Tripod Telescope Silver Finish Adjustable Wooden Tripod Stand",,$93.79,0%,No reviews,0,https://www.amazon.ca/Medieval-Replicas-Nautical-Telescope-Adjustable/dp/B0BC4WFKY2/ref=sr_1_195?keywords=telescope&qid=1671541558&sr=8-195
Handcrafted Telescope | Half Leather Carving | 20 Inches | Functional Vintage Replica Brass Nautical Antique Spyglass Telescope | Super7One,,$89.43,0%,4.6 out of 5 stars,4.6,https://www.amazon.ca/Handcrafted-Telescope-Functional-Nautical-Super7One/dp/B08MZ4ZQGC/ref=sr_1_196?keywords=telescope&qid=1671541558&sr=8-196
"SOLOMARK Telescope Motor Drives for Equatorial Telescope EQ-3, SOLOMARK 130650EQ Telescopes for Adults",,$225.99,0%,1.0 out of 5 stars,1.0,https://www.amazon.ca/SOLOMARK-Telescope-Equatorial-130650EQ-Telescopes/dp/B0B4MRZTNB/ref=sr_1_199?keywords=telescope&qid=1671541558&sr=8-199
Carson MTEL-50 Aim Refractor Type Telescope,,$87.00,0%,3.8 out of 5 stars,3.8,https://www.amazon.ca/Carson-MTEL-50-refractor-Type-Telescope/dp/B000A2QTJY/ref=sr_1_200?keywords=telescope&qid=1671541558&sr=8-200
Telescope Case 4 Foam Padded Telescope Travel Bag with Extra Pockets & Buckled Straps to Easily Secure Optical Tube & Tripod Christmas Gift Compatible with Celestron Telescope. Telescope Carry Bags,$129.84,$112.89,-13.05%,4.6 out of 5 stars,4.6,https://www.amazon.ca/Telescope-Pockets-Compatible-Celestron-Telescope/dp/B09B8RHPVV/ref=sr_1_197?keywords=telescope&qid=1671541563&sr=8-197
AOMEKIE Telescopes for Adults Kids 234X Magnification Refractor Telescope for Astronomy Beginners Travel Telescope with Phone Adapter 3X Barlow Lens and Tripod,,$205.21,0%,4.1 out of 5 stars,4.1,https://www.amazon.ca/AOMEKIE-Telescopes-Magnification-Refractor-Telescope/dp/B0998CSXXN/ref=sr_1_198?keywords=telescope&qid=1671541563&sr=8-198
SVBONY SV305 Telescope Camera CMOS Digital Eyepiece USB 2MP 1.25 inch Astronomy Camera Dynamic Observation for Telescope Planetary Viewing Photography,,$181.99,0%,3.9 out of 5 stars,3.9,https://www.amazon.ca/SVBONY-Telescope-Astronomy-Observation-Photography/dp/B07YCLSHXY/ref=sr_1_200?keywords=telescope&qid=1671541563&sr=8-200
SVBONY Telescope Eyepieces 4mm 10mm 23mm 62 Degree Wide Angle Aspheric Eyepiece for 1.25 inches Astronomic Telescopes,,$59.99,0%,4.3 out of 5 stars,4.3,https://www.amazon.ca/SVBONY-4331908630-TELESCOPE/dp/B01LZ6DDC2/ref=sr_1_201?keywords=telescope&qid=1671541563&sr=8-201
Telescope Accessory Set Astronomical Telescope Eyepiece Rotating Seat Three Eyepiece Telescope Accessories Telescope Camera,,$92.30,0%,No reviews,0,https://www.amazon.ca/Telescope-Accessory-Astronomical-Eyepiece-Accessories/dp/B0BNWTK4DG/ref=sr_1_203?keywords=telescope&qid=1671541563&sr=8-203
"Celestron 93573 Dielectric Star Diagonal 2"" with Twist Lock",,$301.38,0%,4.6 out of 5 stars,4.6,https://www.amazon.ca/Dielectric-Star-Diagonal-Twist-Lock/dp/B07VNHDHFL/ref=sr_1_204?keywords=telescope&qid=1671541563&sr=8-204
"Educational Insights GeoSafari Jr. Talking Telescope STEM Toy, Preschool Science, Gift for Boys & Girls Ages 4, 5, 6+",$75.88,$64.99,-14.35%,4.0 out of 5 stars,4.0,https://www.amazon.ca/Educational-Insights-Geosafari-Telescope-Multicolor/dp/B078WLRYR2/ref=sr_1_205?keywords=telescope&qid=1671541563&sr=8-205
Roorkee Instruments India Vintage Antique Tripod Telescope Brass Nautical Telescopes,,$87.00,0%,4.0 out of 5 stars,4.0,https://www.amazon.ca/Roorkee-Instruments-India-Telescope-Telescopes/dp/B07FZ7DQFK/ref=sr_1_206?keywords=telescope&qid=1671541563&sr=8-206
Telescope Bag - 42 * 33 * 15 inch Telescope Case,,$55.90,0%,3.2 out of 5 stars,3.2,https://www.amazon.ca/Telescope-Bag-42-inch-Case/dp/B091HCXV7H/ref=sr_1_207?keywords=telescope&qid=1671541563&sr=8-207
collectiblesBuy New Handmade Royal Pirates Handicraft Antique Marine Telescope with Leather Case Dollond London Marine Authentic Article Nautical Spyglass,,$48.59,0%,4.2 out of 5 stars,4.2,https://www.amazon.ca/Handmade-Handicraft-Telescope-Authentic-Nautical/dp/B07GZRMSTL/ref=sr_1_209?keywords=telescope&qid=1671541563&sr=8-209
Tasco Spacestation 70x800mm Refractor AZ with Variable LED Red Dot Finderscope Telescope,,$247.94,0%,4.0 out of 5 stars,4.0,https://www.amazon.ca/Tasco-Spacestation-Refractor-Finderscope-Telescope/dp/B000PHNXDO/ref=sr_1_210?keywords=telescope&qid=1671541563&sr=8-210
"Telescope 80/500mm Telescopes for Astronomy Adult Professional Refractor, with Adjustable Stainless Steel Tripod Erect Image Finder Scope 3xBarlow Lens Phone Adapter 2 Eyepieces",,$316.88,0%,3.4 out of 5 stars,3.4,https://www.amazon.ca/Telescope-Telescopes-Astronomy-Professional-Adjustable/dp/B08X4FVN3Z/ref=sr_1_211?keywords=telescope&qid=1671541563&sr=8-211
"Maksutov-Cassegrain Telescope for Adults Kids Astronomy Beginners, Sarblue Mak60 Catadioptric Compound Telescope 750x60mm, Compact Portable Travel Telescope, with Tabletop Tripod Phone Adapter",,$306.35,0%,4.3 out of 5 stars,4.3,https://www.amazon.ca/Maksutov-Cassegrain-Telescope-Astronomy-Beginners-Catadioptric/dp/B08P3J14MZ/ref=sr_1_212?keywords=telescope&qid=1671541563&sr=8-212
"Astromania 1.25"" Astrophotography Flip Mirror - The flip Mirror for Precise Focusing",,$166.10,0%,4.2 out of 5 stars,4.2,https://www.amazon.ca/Astromania-1-25-Astrophotography-Flip-Mirror/dp/B01MU871CC/ref=sr_1_217?keywords=telescope&qid=1671541563&sr=8-217
"Astromania 1.25"" 4mm 58-Degree Planetary II Eyepiece for Telescope",,$80.22,0%,3.9 out of 5 stars,3.9,https://www.amazon.ca/Astromania-58-Degree-Planetary-Eyepiece-Telescope/dp/B013SBTIK0/ref=sr_1_219?keywords=telescope&qid=1671541563&sr=8-219
SVBONY Telescope Eyepiece Fully Multi Coated 1.25 inches Telescope Lens 66 Degree Ultra Wide Angle HD Telescope Accessory (6mm 9mm 15mm 20mm),,$168.88,0%,4.4 out of 5 stars,4.4,https://www.amazon.ca/SVBONY-Telescope-Eyepiece-Accessories-Astronomy/dp/B01MR78I42/ref=sr_1_220?keywords=telescope&qid=1671541563&sr=8-220
Nautical Solid Brass Handheld Telescope Blue Wooden Box Pirate Spy Glass Sailor Scope Antique Pirate Kid telescopes,,$45.51,0%,4.6 out of 5 stars,4.6,https://www.amazon.ca/Nautical-Handheld-Telescope-Spyglass-Antique/dp/B07NP3Z8CK/ref=sr_1_221?keywords=telescope&qid=1671541563&sr=8-221
Double Barrel Vintage Brass Telescope on Tripod Stand Antique Desktop Telescope for Home Decor & Table Accessory Telescope Ideal Home Decor Brass Finish & Brown,,$145.11,0%,No reviews,0,https://www.amazon.ca/Vintage-Telescope-Antique-Desktop-Accessory/dp/B0BDZDFGL6/ref=sr_1_222?keywords=telescope&qid=1671541563&sr=8-222
Tasco Novice Refractor Telescope (800mm x 60mm),,$130.47,0%,4.5 out of 5 stars,4.5,https://www.amazon.ca/Tasco-Novice-Refractor-Telescope-800mm/dp/B007JNWO3C/ref=sr_1_223?keywords=telescope&qid=1671541563&sr=8-223
Telescope for Adults Astronomy Beginners 70Mm Refractor Telescopes with Adjustable 51 Inch Tripod Phone Adapter Erect-Image Diagonal and Moon Portable for Beginners Astronomy Gift,,$409.98,0%,No reviews,0,https://www.amazon.ca/Telescope-Astronomy-Telescopes-Adjustable-Erect-Image/dp/B0B536JZMQ/ref=sr_1_224?keywords=telescope&qid=1671541563&sr=8-224
Celestron 93969 SkySync GPS Accessory,,$225.59,0%,4.3 out of 5 stars,4.3,https://www.amazon.ca/Celestron-93969-SkySync-GPS-Accessory/dp/B0040H2LWE/ref=sr_1_225?keywords=telescope&qid=1671541563&sr=8-225
"Double Barrel Handmade Nautical Desktop 10"" Fully Antique Telescope Spyglass Antique Brass Marine Scope Telescope with Brass Adjustable Tripod Decorative Home & Office",,$146.89,0%,No reviews,0,https://www.amazon.ca/Handmade-Nautical-Telescope-Adjustable-Decorative/dp/B0BDG1TPF5/ref=sr_1_226?keywords=telescope&qid=1671541563&sr=8-226
Pinty 6-24x50 AOEG Red & Green Rangefinder Mil-Dot Illuminated Optics Spotting Rifle Scope for Hunting,,$69.99,0%,4.3 out of 5 stars,4.3,https://www.amazon.ca/Pinty-6-24x50-Rangefinder-Illuminated-Spotting/dp/B019Q2JTYU/ref=sr_1_227?keywords=telescope&qid=1671541563&sr=8-227
"10-30x50 High Definition Zoom Monocular Telescope with Smartphone Holder and Tripod, Waterproof Monoculars for Adults BAK4 Prism & FMC Lens High Power for Bird Watching Concert Astronomy",,$49.99,0%,4.2 out of 5 stars,4.2,https://www.amazon.ca/Definition-Monocular-Smartphone-Waterproof-Monoculars/dp/B0B81WRQHW/ref=sr_1_228?keywords=telescope&qid=1671541563&sr=8-228
collectiblesBuy Antique Victorian Marine Telescope Brass & Orange Leather with Tripod Desktop Home Decor,,$89.18,0%,4.1 out of 5 stars,4.1,https://www.amazon.ca/collectiblesBuy-Antique-Victorian-Telescope-Leather/dp/B087BYN3CV/ref=sr_1_230?keywords=telescope&qid=1671541563&sr=8-230
"Vortex 10x25 Solo Monocular, Green",,$79.99,0%,4.3 out of 5 stars,4.3,https://www.amazon.ca/Vortex-10x25-solo-Monocular-Green/dp/B002UQ71HC/ref=sr_1_231?keywords=telescope&qid=1671541563&sr=8-231
"Camera Telescope, 2 Megapixel 70 Times Zooming Lens Smart Motion Detection USB Digital Telescope with Tripod, for Sport Competition and Concerts, Astronomical, Animal Observation",,$59.23,0%,1.0 out of 5 stars,1.0,https://www.amazon.ca/Telescope-Megapixel-Competition-Astronomical-Observation/dp/B07V6CR9QH/ref=sr_1_232?keywords=telescope&qid=1671541563&sr=8-232
BNISE Astronomical Telescope for Adults 600/50mm 24X-200X Positive Imaging Telescope for Beginner and Kids with 3X Extender and 2 Eyepiece (9mm & 25mm) Refractor with Phone Adapter and Carring Bag,,$219.74,0%,3.8 out of 5 stars,3.8,https://www.amazon.ca/BNISE-Astronomical-Telescope-24X-200X-Refractor/dp/B08H863XZW/ref=sr_1_233?keywords=telescope&qid=1671541563&sr=8-233
Professional Zoom Star Telescope with Tripod Outdoors HD Night Vision 150x Refractive Deep Space Moon Observation Telescopes 2021,,$201.00,0%,No reviews,0,https://www.amazon.ca/Professional-Telescope-Refractive-Observation-Telescopes/dp/B094D19D5D/ref=sr_1_234?keywords=telescope&qid=1671541563&sr=8-234
Handcrafted Telescope | Half Leather Carving | 20 Inches | Functional Vintage Replica Brass Nautical Antique Spyglass Telescope,,$74.92,0%,5.0 out of 5 stars,5.0,https://www.amazon.ca/Handcrafted-Telescope-Functional-Nautical-Spyglass/dp/B0B694YSSW/ref=sr_1_235?keywords=telescope&qid=1671541563&sr=8-235
ESSLNB Telescopes for Adults Kids Astronomy Beginners 80mm Astronomical Telescopes with 10X Phone Mount Refractor Telescope Tripod and Carrying Bag Erect-Image Travel Telescope with Moon Filter,,$283.26,0%,4.2 out of 5 stars,4.2,https://www.amazon.ca/ESSLNB-Telescope-Astronomy-Telescopes-Smartphone/dp/B07RV95WRD/ref=sr_1_236?keywords=telescope&qid=1671541563&sr=8-236
"Gosky 20-60x60 HD Spotting Scope with Tripod, Carrying Bag and Scope Phone Adapter - BAK4 45 Degree Eyepiece Telescope for Target Shooting Hunting Bird Watching Wildlife Scenery",,$165.99,0%,4.2 out of 5 stars,4.2,https://www.amazon.ca/Gosky-20-60x60-Spotting-Carrying-Adapter/dp/B07CG54ZXH/ref=sr_1_237?keywords=telescope&qid=1671541563&sr=8-237
"TASCO Spacestation 600 x 50mm Refractor Telescope, Astronomy Telescope for Adults and Beginners, Black",,$113.17,0%,4.0 out of 5 stars,4.0,https://www.amazon.ca/Spacestation-Refractor-Telescope-Astronomy-Beginners/dp/B0BCCL5M86/ref=sr_1_238?keywords=telescope&qid=1671541563&sr=8-238
"14X65 Monocular Telescope with Smartphone Holder & Tripod, SIHEA Powered Monocular Scope for Adults Kids, BAK4 & FMC Lens, for Bird Watching,Hunting,Stargazing, Cool Gadgets Gifts for Men Him Dad",,$69.99,0%,3.8 out of 5 stars,3.8,https://www.amazon.ca/Monocular-Telescope-Definition-Waterproof-Smartphone/dp/B08NGQ27RD/ref=sr_1_239?keywords=telescope&qid=1671541563&sr=8-239
"Celestron C5 Spotting Scope, 52291",,$790.00,0%,4.5 out of 5 stars,4.5,https://www.amazon.ca/Celestron-C5-Spotting-Scope-52291/dp/B008FK623Q/ref=sr_1_240?keywords=telescope&qid=1671541563&sr=8-240
"Brass Telescope Compass Feel The Distant Objects Nearer 6""",,$56.10,0%,3.0 out of 5 stars,3.0,https://www.amazon.ca/Telescope-Compass-Distant-Objects-Nearer/dp/B08TTKVQRH/ref=sr_1_241?keywords=telescope&qid=1671541563&sr=8-241
NAUTICAL WAREHOUSE Brass Binocular Leather Antique Desk Telescope with Table Tripod Stand,,$125.97,0%,No reviews,0,https://www.amazon.ca/NAUTICAL-WAREHOUSE-Binocular-Leather-Telescope/dp/B0B5N5HR9X/ref=sr_1_242?keywords=telescope&qid=1671541563&sr=8-242
SVBONY SV135 Telescope Eyepiece Zoom 7 to 21mm 1.25 Inch Zoom Eyepiece Fully Multi Coated 6 Element 4 Group Zoom Lens Telescope Accessory for Astronomic Telescopes,,$79.30,0%,4.5 out of 5 stars,4.5,https://www.amazon.ca/SVBONY-Telescope-Eyepiece-Astronomic-Telescopes/dp/B07XZ6DY18/ref=sr_1_243?keywords=telescope&qid=1671541563&sr=8-243
"Telescope for Kids & Adults Astronomy, 70mm Aperture 400mm Focal Length Astronomical Refractor Telescopes for Astronomy Beginners, Portable Travel Telescope with Phone Adapter, Tripod and Carry Bag",,$235.59,0%,4.1 out of 5 stars,4.1,https://www.amazon.ca/MEEZAA-Telescope-Astronomical-Refractor-Telescopes/dp/B09P51G1VQ/ref=sr_1_244?keywords=telescope&qid=1671541563&sr=8-244
Educational Insights Omega Reflector Telescope,,$270.00,0%,3.7 out of 5 stars,3.7,https://www.amazon.ca/Educational-Insights-Omega-Reflector-Telescope/dp/B0007COBQ0/ref=sr_1_246?keywords=telescope&qid=1671541563&sr=8-246
"Roxant Viper Monocular Telescope - 10x25 High Definition Weatherproof Pocket Telescope with Hand Grip & BAK4 Prism - with Compact Monocular, Case, Wrist Strap, etc. Monoculars for Adults High Powered",,$37.52,0%,4.0 out of 5 stars,4.0,https://www.amazon.ca/Authentic-ROXANT-Snake-Grip-Weatherproof-Shockproof/dp/B07MZGPWK1/ref=sr_1_248?keywords=telescope&qid=1671541563&sr=8-248
"Roxant Viper Monocular Telescope - 10x25 High Definition Weatherproof Pocket Telescope with Hand Grip & BAK4 Prism - with Compact Monocular, Case, Wrist Strap, etc. Monoculars for Adults High Powered",,$37.52,0%,4.0 out of 5 stars,4.0,https://www.amazon.ca/Authentic-ROXANT-Snake-Grip-Weatherproof-Shockproof/dp/B07MZGPWK1/ref=sr_1_245?keywords=telescope&qid=1671541587&sr=8-245
"1.25inch Telescope Eyepiece, 58 Degree 6mm Planetary Eyepiece Telescope Eyepiece Monocular Eyepiece for Astronomy Telescope Monocular",$69.99,$58.40,-16.56%,5.0 out of 5 stars,5.0,https://www.amazon.ca/1-25inch-Telescope-Planetary-Monocular-Astronomy/dp/B0819VLNWT/ref=sr_1_246?keywords=telescope&qid=1671541587&sr=8-246
US HANDICRAFTS Handmade Brass Telescope East India Company 1818 Tracker Spyglass Scope Replica Antique 32 inch Large Vintage Souvenir with Hand-Stitched Leather Case,,$94.81,0%,4.3 out of 5 stars,4.3,https://www.amazon.ca/US-HANDICRAFTS-Handmade-Telescope-Hand-Stitched/dp/B07Y6QQYK7/ref=sr_1_247?keywords=telescope&qid=1671541587&sr=8-247
SVBONY SV193 Focal Reducer 2 Inch 0.8X Field Flattener Telescope Accessory for SV503 80mm F7 ED Telescope,,$165.23,0%,4.6 out of 5 stars,4.6,https://www.amazon.ca/SVBONY-Reducer-Flattener-Telescope-Accessory/dp/B094QSGPPN/ref=sr_1_248?keywords=telescope&qid=1671541587&sr=8-248
"USB Digital Telescope, Telescope for Astronomy 2MP 70X Zooming USB Digital Computerized Telescope Telescope for Windows Xp 2000 Vista Win7 Win8 Win10 Ideal Telescope Adults",,$64.09,0%,3.0 out of 5 stars,3.0,https://www.amazon.ca/Digital-Telescope-Astronomy-Zooming-Computerized/dp/B0968F3674/ref=sr_1_249?keywords=telescope&qid=1671541587&sr=8-249
Telescope Bag - Telescope Bag - 29.3X11.4X8.8 inch Telescope case inch Telescope case,,$65.23,0%,4.8 out of 5 stars,4.8,https://www.amazon.ca/Telescope-Bag-29-3X11-4X8-8-inch-case/dp/B091H34MWP/ref=sr_1_250?keywords=telescope&qid=1671541587&sr=8-250
MaxUSee Kids Telescope 400x40mm with Finder Scope for Kids & Beginners + Portable 10X42 HD Monocular with BAK4 Prism FMC Lens for Moon Viewing Bird Watching Wildlife Scenery,,$127.03,0%,3.8 out of 5 stars,3.8,https://www.amazon.ca/MaxUSee-Telescope-400x40mm-Beginners-Monocular/dp/B07WRQB21X/ref=sr_1_251?keywords=telescope&qid=1671541587&sr=8-251
"ESSENWI 114EQ Reflector Telescope for Adults Astronomy, w/ 3 Eyepieces, 3X Barlow Lens, Moon Filter, Fully-Coated Glass Optics, Adjustable Equatorial Mount Tripod for Beginners Astronomer, White",,$696.03,0%,3.0 out of 5 stars,3.0,https://www.amazon.ca/ESSENWI-Fully-Coated-Adjustable-Equatorial-Astronomer/dp/B0B1PBLZLV/ref=sr_1_253?keywords=telescope&qid=1671541587&sr=8-253
"Astromania 2"" 45-Degree Erecting Prism Diagonal for Telescope",,$257.51,0%,4.3 out of 5 stars,4.3,https://www.amazon.ca/Astromania-45-degree-High-quality-Erecting-Telescope/dp/B01B2OR23U/ref=sr_1_254?keywords=telescope&qid=1671541587&sr=8-254
"ROXANT High Definition Mini Monocular Pocket Scope with Molded Grip, Carrying case, Neck Strap and Cleaning Cloth.",,$26.00,0%,4.0 out of 5 stars,4.0,https://www.amazon.ca/ROXANT-Definition-Monocular-carrying-cleaning/dp/B00RBG7W52/ref=sr_1_255?keywords=telescope&qid=1671541587&sr=8-255
"Astronomical Telescope for Kids,Portable Telescope Kids Beginners,Great for Educational Gift,Set with Lightweight Tripod Interchangeable Eyepieces(Purple)",,$32.71,0%,2.0 out of 5 stars,2.0,https://www.amazon.ca/Astronomical-Telescope-Educational-Lightweight-Interchangeable/dp/B089ZWS2T8/ref=sr_1_256?keywords=telescope&qid=1671541587&sr=8-256
"SIFAAT World 60 Inches Floor Standing Admirals Black Leather Solid Brass Telescope with Tripod Stand, Nautical Home Decor Fully Functional Decorative Vintage Telescopes",,$399.99,0%,No reviews,0,https://www.amazon.ca/SIFAAT-Telescope-Functional-Decorative-Telescopes/dp/B09LSBZ8LX/ref=sr_1_257?keywords=telescope&qid=1671541587&sr=8-257
"Sarblue Maksutov-Cassegrain Telescope, Mak60 Telescopes for Kids Adults 750x60mm, Compact Portable for Travel, Beginner Astronomy Telescope with Adjustable Tripod Finderscope and Phone Adapter",,$347.74,0%,4.4 out of 5 stars,4.4,https://www.amazon.ca/Maksutov-Cassegrain-Telescope-Telescopes-Adjustable-Finderscope/dp/B0936FPHL8/ref=sr_1_258?keywords=telescope&qid=1671541587&sr=8-258
"SVBONY SV178 Rifle Scope 6-24x50,Rifle scopes for Hunting, Illuminated AO Mil Dot Reticle, Shockproof Fogproof Waterproof with Fits 20mm Weaver and Picatinny Rails",,$125.99,0%,4.0 out of 5 stars,4.0,https://www.amazon.ca/SVBONY-Illuminated-Shockproof-Waterproof-3-15-3-5-Inch/dp/B08LB4G7V4/ref=sr_1_259?keywords=telescope&qid=1671541587&sr=8-259
EvoGuide 50 DX – 50mm Guide Scope APO Doublet Refractor – Lightweight Guide Scope – Easy Mounting – 50mm Astrograph,,$463.14,0%,4.8 out of 5 stars,4.8,https://www.amazon.ca/EvoGuide-50-Refractor-Lightweight-Astrograph/dp/B0915HDN8W/ref=sr_1_265?keywords=telescope&qid=1671541587&sr=8-265
"1.25 Inch Focuser,YZ-18839 Aluminium Alloy 0.05mm High Precision Focusing Helical Focuser with 10mm Focusing Stroke for Telescope Lenses/Finder & Guidescope",,$58.23,0%,3.0 out of 5 stars,3.0,https://www.amazon.ca/YZ-18839-Aluminium-Precision-Telescope-Guidescope/dp/B084SNJVPC/ref=sr_1_266?keywords=telescope&qid=1671541587&sr=8-266
"Bindpo 1.25inch Plossl Telescope Eyepiece Set, 4mm/10mm/25mm PL Eyepiece + 2X Barlow Lens Four-Piece, w/T Adapter, for Celestron Atronomical Eyepiece",,$78.38,0%,5.0 out of 5 stars,5.0,https://www.amazon.ca/1-25inch-Telescope-Eyepiece-Magnification-Astronomic/dp/B08BZ5GR1W/ref=sr_1_267?keywords=telescope&qid=1671541587&sr=8-267
Pinty Telescope 3-9x40 Sniper Rifle Scope Optics R4 Reticle Crosshair Air Gun Scopes with Mounts for Hunting (3-9x40 Red Green Mil-Dot Illuminated),,$59.99,0%,4.3 out of 5 stars,4.3,https://www.amazon.ca/Pinty-Telescope-Reticle-Crosshair-Illuminated/dp/B019Q7H1IQ/ref=sr_1_269?keywords=telescope&qid=1671541587&sr=8-269
occer Telescopes for Adults Kids Beginners - 70mm Aperture 400mm Telescope FMC Optic for View Moon Planet - Portable Refractor Telescope with Adjustable Tripod Finder Scope Phone Adapter,,$199.69,0%,4.0 out of 5 stars,4.0,https://www.amazon.ca/occer-Telescopes-Astronomy-Beginners-Adjustable/dp/B083PRHRB6/ref=sr_1_270?keywords=telescope&qid=1671541587&sr=8-270
A Orange Leather Marine Box Telescope London 1920 Era Maritime Vintage Functional Spyglass Sailor Instrument - Handmade Gifts Article,,$44.70,0%,4.0 out of 5 stars,4.0,https://www.amazon.ca/Telescope-Maritime-Functional-Spyglass-Instrument/dp/B077Q6HML2/ref=sr_1_271?keywords=telescope&qid=1671541587&sr=8-271
"PlotUse Monocular Telescope for Smartphone 12x50 HD , Upgraded Tripod, Hand Strap - High Power Vision for Star Watching Bird Watching - Monocular Case",,$102.39,0%,No reviews,0,https://www.amazon.ca/Monocular-Telescope-Smartphone-Holder-Tripod/dp/B09LMPNDP1/ref=sr_1_274?keywords=telescope&qid=1671541587&sr=8-274
"5MoonSun5's Pirate Brass Telescope, Spyglass Collapsible Decorative Telescope with Glass Optics for Kids Travel, Hunting, Navigation with High Resolution, with Lid Finish by Black Antique 17 inch",,$70.00,0%,4.3 out of 5 stars,4.3,https://www.amazon.ca/5MoonSun5s-Collapsible-Decorative-Navigation-Resolution/dp/B08LVCYB71/ref=sr_1_275?keywords=telescope&qid=1671541587&sr=8-275
"30x50 Monocular, Monocular Telescope for Smartphone, Portable Telescope, High Definition Handheld Telescope with Smartphone Holder & Adjustable Tripod, Monocular for Hunting Bird Watching",,$79.37,0%,3.9 out of 5 stars,3.9,https://www.amazon.ca/Monocular-Telescope-Smartphone-Definition-Adjustable/dp/B0BDRRSCMG/ref=sr_1_276?keywords=telescope&qid=1671541587&sr=8-276
Carson Red Planet Series 25-56x80mm Refractor Telescope with Universal Smartphone Digiscoping Adapter (RP-200SP),,$374.70,0%,4.4 out of 5 stars,4.4,https://www.amazon.ca/Carson-25-56x80mm-Smartphone-Digiscoping-RP-200SP/dp/B015MS4CEE/ref=sr_1_277?keywords=telescope&qid=1671541587&sr=8-277
"Astronomical Telescope, 80mm Aperture 500mm Focals Length Astronomy Refractor Monocular Telescopes with Tripod, 2 x Eyepiece and Carry Bag for Children Adults Educational",,$246.76,0%,No reviews,0,https://www.amazon.ca/Astronomical-Telescope-Astronomy-Telescopes-Educational/dp/B08D3MPY1M/ref=sr_1_278?keywords=telescope&qid=1671541587&sr=8-278
"Bushnell Legend Ultra HD Monocular, Black, 10 x 42-mm",,$288.50,0%,4.4 out of 5 stars,4.4,https://www.amazon.ca/Bushnell-Legend-Ultra-Monocular-Black/dp/B006U3ZIVC/ref=sr_1_279?keywords=telescope&qid=1671541587&sr=8-279
"Monocular Telescope 10-30X50 High Powered for Bird Watching Hunting Camping Travelling HD BAK4 Prism FMC Zoom Monoculars for Adults with Smartphone Adapter &Tripod, Hiking Hunting Gifts",,$135.59,0%,3.5 out of 5 stars,3.5,https://www.amazon.ca/Monocular-Telescope-Travelling-Monoculars-Smartphone/dp/B09XMJMNYK/ref=sr_1_280?keywords=telescope&qid=1671541587&sr=8-280
"Gosky Deluxe Telescope Camera Adapter Kit for Sony E-Mount (Mirrorless) Cameras (E-Mount - Including NEX, A7 & VG Series)- for Telescope Prime Focus and Eyepiece Projection Photography",,$75.96,0%,4.2 out of 5 stars,4.2,https://www.amazon.ca/Gosky-Telescope-Adapter-Mirrorless-Cameras/dp/B01JFRXMWQ/ref=sr_1_281?keywords=telescope&qid=1671541587&sr=8-281
Scope Cloak Refractor Reflector Telescope Cover Weatherproof for Outside Telescope Cover Outdoor with Adjustable Drawstring Zipper Waterproof Telescope Protector,,$56.87,0%,5.0 out of 5 stars,5.0,https://www.amazon.ca/Refractor-Weatherproof-Adjustable-Drawstring-Waterproof/dp/B09LM99YMJ/ref=sr_1_282?keywords=telescope&qid=1671541587&sr=8-282
Bushnell Trophy Rifle Scope with Multi-X Reticle,$169.98,$159.27,-6.3%,4.3 out of 5 stars,4.3,https://www.amazon.ca/Bushnell-Trophy-Rifle-Multi-X-Reticle/dp/B01BFYA6G2/ref=sr_1_283?keywords=telescope&qid=1671541587&sr=8-283
Classic Marine Spy Glass Antique London 1857 R & J Beck Brass Binocular Collectibles Gift,,$46.10,0%,4.3 out of 5 stars,4.3,https://www.amazon.ca/Classic-Marine-Antique-Binocular-Collectibles/dp/B0198F0U20/ref=sr_1_285?keywords=telescope&qid=1671541587&sr=8-285
Educational Insights Vega 600 Telescope,,$119.99,0%,3.9 out of 5 stars,3.9,https://www.amazon.ca/Educational-Insights-Vega-600-Telescope/dp/B0007COASY/ref=sr_1_286?keywords=telescope&qid=1671541587&sr=8-286
Pinty Rifle Scope 3-9x32 Rangefinder Illuminated Reflex Sight 4 Reticle Green Dot Laser Sight,,$115.99,0%,4.4 out of 5 stars,4.4,https://www.amazon.ca/Pinty-3-9x32EG-Rangefinder-Illuminated-Reticle/dp/B01N1Z56E5/ref=sr_1_287?keywords=telescope&qid=1671541587&sr=8-287
"Telescope for Kids Adults Beginners, 70mm Aperture BAK4 Prism FMC Lens Astronomical Refractor Telescope 400mm Telescope for Astronomy with Smartphone Mount and Tripod to Explore Moon Planets",,$274.97,0%,No reviews,0,https://www.amazon.ca/Telescope-Beginners-Astronomical-Refractor-Smartphone/dp/B08MWCS3JY/ref=sr_1_288?keywords=telescope&qid=1671541587&sr=8-288
"MAI Be Strong and Courageous, Do Not Be Afraid Engraved Telescope for Kids - The Scripture Joshua 1:9 Engraved Gifts, Unique & Beautiful Giftable Spyglass Scope for Décor, Halloween, Christmas.",,$23.50,0%,No reviews,0,https://www.amazon.ca/MAI-Strong-Courageous-Engraved-Telescope/dp/B09MW7FHNZ/ref=sr_1_289?keywords=telescope&qid=1671541587&sr=8-289
"HUTACT 10x50 Military Binoculars, for Adults Compact Bird Watching, Built-in Compass and Range Finder, Large Field of Vision, BAK4 Prism FMC Lens Suitable for Hunting, Cross-Country and Travel",,$133.99,0%,4.2 out of 5 stars,4.2,https://www.amazon.ca/HUTACT-Military-Binoculars-Watching-Cross-Country/dp/B073PR4GX9/ref=sr_1_290?keywords=telescope&qid=1671541587&sr=8-290
Astromania SGCMOS Series Telescope CMOS Camera - Great Camera for auto-Guiding and Multiple Types of Astrophotography - Multicolour Imaging,,$244.07,0%,3.8 out of 5 stars,3.8,https://www.amazon.ca/Astromania-SGCMOS-Telescope-CMOS-Camera/dp/B01HPW8MWI/ref=sr_1_291?keywords=telescope&qid=1671541587&sr=8-291
"NASA Lunar Telescope for Kids – 90x Magnification, Includes Two Eyepieces, Tabletop Tripod, Finder Scope, Full-Color Learning Guide, The Perfect STEM Gift for Viewing The Moon",,$128.82,0%,4.1 out of 5 stars,4.1,https://www.amazon.ca/NASA-Lunar-Telescope-Kids-Astronomer/dp/B081TLNB5B/ref=sr_1_292?keywords=telescope&qid=1671541587&sr=8-292
"Telescope for Adults Astronomy, 70mm Aperture and 700mm Professional Refractor Telescope for Kids and Astronomy Beginners, Portable Travel Telescopes with AZ Mount, Adjustable Tripod and Phone Adapter",,$443.04,0%,4.5 out of 5 stars,4.5,https://www.amazon.ca/Telescope-Astronomy-Professional-Telescopes-Adjustable/dp/B0B1HCWLH5/ref=sr_1_294?keywords=telescope&qid=1671541587&sr=8-294
Celestron T-Adapter for Schmidt-Cassegrain Telescopes & T-Ring for Canon EOS-EF Mount Camera,,$90.94,0%,4.7 out of 5 stars,4.7,https://www.amazon.ca/Celestron-T-Adapter-Schmidt-Cassegrain-Telescopes-T-Ring/dp/B07TMD2CW8/ref=sr_1_295?keywords=telescope&qid=1671541587&sr=8-295
Astromania Premium Dovetail Clamp for Telescopes and Cameras,,$105.08,0%,4.7 out of 5 stars,4.7,https://www.amazon.ca/Astromania-Premium-Dovetail-Telescopes-Cameras/dp/B072BRSB86/ref=sr_1_296?keywords=telescope&qid=1671541587&sr=8-296
Astromania Tri-Finder Bracket,,$76.83,0%,4.5 out of 5 stars,4.5,https://www.amazon.ca/Astromania-SKU_AM_ZBTF-Tri-Finder-Bracket/dp/B0140UAM9E/ref=sr_1_293?keywords=telescope&qid=1671541595&sr=8-293
"Aurosports Telescopes for Adults Astronomy - 70mm Aperture 500mm Astronomical Refractor Telescope, Professional Portable Outdoor Telescope for Kids Teens Beginners with Carry Bag,Phone Adapter,Tripod",,$182.65,0%,5.0 out of 5 stars,5.0,https://www.amazon.ca/Aurosports-Telescopes-Adults-Astronomy-Astronomical/dp/B0BG8Q8MPC/ref=sr_1_294?keywords=telescope&qid=1671541595&sr=8-294
Celestron Omni 2X Barlow Lens,,$63.00,0%,4.5 out of 5 stars,4.5,https://www.amazon.ca/Celestron-Omni-2X-Barlow-Lens/dp/B00008Y0TM/ref=sr_1_295?keywords=telescope&qid=1671541595&sr=8-295
"Antique Designer Royal Vintage Unique Floor Standing Tripod Spyglass Telescope Brass Finish Solid Brass Marine Gift, 32"" inch",,$162.57,0%,No reviews,0,https://www.amazon.ca/Antique-Designer-Standing-Spyglass-Telescope/dp/B07Y6H7BJP/ref=sr_1_297?keywords=telescope&qid=1671541595&sr=8-297
1915 Retro Sailor Marine Telescope Copper Antique Royal Navy,$49.00,$45.00,-8.16%,4.3 out of 5 stars,4.3,https://www.amazon.ca/Sailor-Marine-Telescope-Copper-Antique/dp/B01891Y5K2/ref=sr_1_298?keywords=telescope&qid=1671541595&sr=8-298
"Bestguarder Night Vision Binoculars, 4.5-22.5×40 HD Digital Infrared Hunting Scope Record 5mp Photo & 1280×720 Video with Sound by 4”Display Up to 400m/1300ft-Upgrade Version",,$428.99,0%,3.8 out of 5 stars,3.8,https://www.amazon.ca/Bestguarder-Binoculars-4-5-22-5%C3%9740-Infrared-1300ft-Upgrade/dp/B07HGZH68R/ref=sr_1_299?keywords=telescope&qid=1671541595&sr=8-299
"Monocular Telescope 12X50 Outdoor Telescope with Smartphone Adapter for Stargazing, Birdwatching, Hunting, Dust-Proof, Waterproof HD Monocular for adults with Phone Holder and Metal Tripod By hd360pro",,$107.39,0%,4.4 out of 5 stars,4.4,https://www.amazon.ca/Monocular-Stargazing-Birdwatching-Dust-Proof-Smartphone/dp/B094DJ7771/ref=sr_1_304?keywords=telescope&qid=1671541595&sr=8-304
"Digital Night Vision Binoculars, Infrared Night Vision Goggles 100% Dark Night Vision for Adults Spotting Hunting Use, with Photo and Video Capture, 32GB TF 2.3 Inches",,$169.99,0%,4.1 out of 5 stars,4.1,https://www.amazon.ca/Digital-Binoculars-Infrared-Goggles-Spotting/dp/B09MLPS571/ref=sr_1_306?keywords=telescope&qid=1671541595&sr=8-306
Handcrafted Telescope | with Box | Functional Vintage Replica Brass Nautical Antique Telescope | Brass Nautical Spyglass & Collectible Decor 15 Inches,,$57.83,0%,4.8 out of 5 stars,4.8,https://www.amazon.ca/Handcrafted-Telescope-Functional-Nautical-Collectible/dp/B09LHV58SF/ref=sr_1_307?keywords=telescope&qid=1671541595&sr=8-307
"Astronomical Telescope Accessory Kit,1.25 inch Plossl Telescope Eyepiece Set 4/10/25mm + 2X Barlow Lens Kit for Astronomy",$70.97,$66.38,-6.47%,4.3 out of 5 stars,4.3,https://www.amazon.ca/Astronomical-Telescope-Accessory-Eyepiece-Astronomy/dp/B07WC8VWP6/ref=sr_1_313?keywords=telescope&qid=1671541595&sr=8-313
WekiiStar Astronomical Telescope Zoom 150X HD Educational Science Refractor Monocular Space Telescope with Tripod 300/70mm Spotting Scope for Kids Beginners,,$158.01,0%,4.2 out of 5 stars,4.2,https://www.amazon.ca/WekiiStar-Astronomical-Telescope-Educational-Refractor/dp/B09CTGVV6Q/ref=sr_1_314?keywords=telescope&qid=1671541595&sr=8-314
